업소명,업종,업태,도로명주소
옛날삼교리막국수,일반음식점,분식,강원특별자치도 강릉시 주문진읍 신리천로 348-3
함지박,일반음식점,한식,강원특별자치도 강릉시 관대길 66-1(내곡동)
예스영푸드 강릉지점,일반음식점,한식,강원특별자치도 강릉시 강동면 원장봉길 70-9(1층)
강산푸드정가미,일반음식점,한식,강원특별자치도 강릉시 강동면 정동역길 24(1~2층)
서원구정휴게소,일반음식점,한식,강원특별자치도 강릉시 구정면 동해고속도로 346
예스영푸드 강릉지사,일반음식점,한식,강원특별자치도 강릉시 강동면 시동서당길 120(1층)
적광개발강릉송정가든,일반음식점,한식,강원특별자치도 강릉시 해안로 159(1층 송정동)
화이트캐슬,일반음식점,한식,강원특별자치도 강릉시 강동면 산두양지길 7-16
100년소머리곰탕,일반음식점,한식,강원특별자치도 강릉시 옥계면 동해대로 449-19
1300도씨짬뽕&떡볶이,일반음식점,분식,강원특별자치도 강릉시 중앙시장2길 43(1층 성남동)
13월의강릉,일반음식점,한식,강원특별자치도 강릉시 해안로 292(1호 강문동)
1974 비래옥 강릉점,일반음식점,한식,강원특별자치도 강릉시 경강로2267번길 20(1층 포남동)
1박2일,일반음식점,한식,강원특별자치도 강릉시 솔올로 62(1층 교동)
2024월화거리야시장),일반음식점,한식,강원특별자치도 강릉시 금학동 9-9 2024월화거리야시장
2024월화거리야시장,일반음식점,한식,강원특별자치도 강릉시 금학동 9-9 2024월화거리야시장
2024월화거리야시장,일반음식점,한식,강원특별자치도 강릉시 금학동 9-9 2024월화거리야시장
24시 기가막힌 감자탕,일반음식점,한식,강원특별자치도 강릉시 성덕포남로 40(입암동)
24시옥계장터국밥,일반음식점,분식,강원특별자치도 강릉시 옥계면 현내시장길 70-1
24시전주명가콩나물국밥강릉점,일반음식점,한식,강원특별자치도 강릉시 교동광장로 107(교동)
24시전주콩향기콩나물국밥,일반음식점,한식,강원특별자치도 강릉시 강릉대로 436(1층 포남동)
24시정동진회식당,일반음식점,한식,강원특별자치도 강릉시 강동면 정동역길 8
24시초당순두부,일반음식점,한식,강원특별자치도 강릉시 강동면 정동역길 8
33떡볶이,일반음식점,분식,"강원특별자치도 강릉시 경강로 2498(1층 106호 송정동, 강릉 송정 신원아침도시)"
400년집초당순두부,일반음식점,한식,강원특별자치도 강릉시 운정길 121(운정동)
59쌀피자주문진점,일반음식점,한식,강원특별자치도 강릉시 주문진읍 학교길 11-1(1층)
87닭강정 주문진점,일반음식점,분식,강원특별자치도 강릉시 주문진읍 신리길 2(1층)
9남매집,일반음식점,한식,강원특별자치도 강릉시 초당원길 63-2(초당동)
"D,dell",일반음식점,한식,강원특별자치도 강릉시 임영로116번안길 11(금학동)
IH푸드,일반음식점,한식,강원특별자치도 강릉시 연화봉길 26(지하동 노암동)
KBS강릉방송국구내식당,일반음식점,한식,강원특별자치도 강릉시 임영로131번길 13(용강동)
KIS정보통신강릉휴게소놀부부대찌개,일반음식점,한식,강원특별자치도 강릉시 성산면 영동고속도로 232
"KIS정보통신강릉휴게소 제순식당,인생설렁탕",일반음식점,한식,강원특별자치도 강릉시 성산면 영동고속도로 231
가곡막국수,일반음식점,분식,강원특별자치도 강릉시 구정면 남밭길 6
가누,일반음식점,한식,강원특별자치도 강릉시 토성로 84-3(홍제동)
가람이 닭발,일반음식점,한식,강원특별자치도 강릉시 성덕포남로 64(103호 입암동)
가람집옹심이,일반음식점,한식,강원특별자치도 강릉시 공항길30번길 16(1층 병산동)
가래울해장국,일반음식점,한식,강원특별자치도 강릉시 초당순두부길 46(1층 초당동)
가마솥강릉설렁탕,일반음식점,한식,강원특별자치도 강릉시 강동면 헌화로 651-4
가마솥묵은지생삼겹,일반음식점,한식,강원특별자치도 강릉시 남산초교길 22(내곡동)
가마솥순대국밥,일반음식점,한식,강원특별자치도 강릉시 하평1길 20(1층 포남동)
가마솥쌈밥,일반음식점,한식,강원특별자치도 강릉시 경강로2343번길 10(포남동)
가마솥인삼진국곰탕집,일반음식점,한식,강원특별자치도 강릉시 명륜로121번길 13(포남동)
가마솥흑염소,일반음식점,한식,강원특별자치도 강릉시 범일로 510(내곡동)
가마치치킨,일반음식점,한식,강원특별자치도 강릉시 주문진읍 항구로 40(지하1층 B106호 강릉주문진 풍림 아이원 하버뷰)
가보래,일반음식점,한식,강원특별자치도 강릉시 남산초교길5번길 1(내곡동)
가보자식당,일반음식점,한식,강원특별자치도 강릉시 강중길 45(입암동)
가시버시,일반음식점,한식,강원특별자치도 강릉시 솔올로 56(2층 교동)
가온밥상,일반음식점,한식,강원특별자치도 강릉시 노암길42번길 24(노암동)
가자골식당,일반음식점,한식,강원특별자치도 강릉시 성덕포남로206번길 7(포남동)
가작다리가든,일반음식점,한식,강원특별자치도 강릉시 화부산로177번길 16(교동)
가장맛있는족발족과의동침,일반음식점,한식,강원특별자치도 강릉시 연당길 61(102호 초당동)
가정식백반,일반음식점,한식,강원특별자치도 강릉시 강릉대로359번길 11-16(포남동)
가지산돼지국밥,일반음식점,한식,강원특별자치도 강릉시 율곡로2692번길 62(1층 입암동)
가향마라탕,일반음식점,한식,강원특별자치도 강릉시 정원로 48(교동)
갈매기식당,일반음식점,한식,강원특별자치도 강릉시 경강로 2664(견소동)
감나무집추어탕,일반음식점,한식,강원특별자치도 강릉시 옥천로 14(옥천동)
감동육개장,일반음식점,한식,강원특별자치도 강릉시 경강로 2209(1층 103호 포남동)
감자바우식당,일반음식점,한식,강원특별자치도 강릉시 금성로35번길 4(성남동)
감자유원지,일반음식점,한식,강원특별자치도 강릉시 경강로2115번길 7(3층 임당동)
감자적본부,일반음식점,한식,강원특별자치도 강릉시 공항길30번길 5(병산동)
감천골,일반음식점,한식,강원특별자치도 강릉시 성덕포남로152번길 16(포남동)
감초집,일반음식점,한식,"강원특별자치도 강릉시 옥천로 48(옥천동,동부시장1층 91호)"
감칠맛회국수,일반음식점,한식,강원특별자치도 강릉시 주문진읍 시장길 1
갑진정식,일반음식점,한식,강원특별자치도 강릉시 강릉대로 337-5(동도센트리움상가 101동 108호 포남동)
강남솥밥,일반음식점,한식,강원특별자치도 강릉시 노암등길 58(1층 노암동)
강남식당,일반음식점,한식,강원특별자치도 강릉시 노가니남길 12(노암동)
강남촌닭,일반음식점,한식,강원특별자치도 강릉시 노암등길46번길 16(노암동)
강남칼국수,일반음식점,한식,강원특별자치도 강릉시 단오장길 20(노암동)
강남흑염소전문점,일반음식점,한식,강원특별자치도 강릉시 사천면 해안로 1121-133(1층)
강동분식,일반음식점,분식,강원특별자치도 강릉시 곶감전길 15(성남동)
강동식당,일반음식점,한식,강원특별자치도 강릉시 강동면 율곡로 2201(1층)
강릉 본가족발,일반음식점,한식,강원특별자치도 강릉시 하평1길 8(포남동)
강릉79막회,일반음식점,한식,강원특별자치도 강릉시 해안로 292(7호 강문동)
강릉가마솥설렁탕,일반음식점,한식,강원특별자치도 강릉시 사천면 동해대로 3566
강릉가마솥설렁탕1호점,일반음식점,한식,강원특별자치도 강릉시 율곡로 2482(1층 청량동)
강릉게스트하우스중앙점,일반음식점,한식,강원특별자치도 강릉시 경강로2103번길 17(임당동)
강릉곱창,일반음식점,한식,강원특별자치도 강릉시 경강로 2137(옥천동)
강릉국밥,일반음식점,한식,강원특별자치도 강릉시 율곡초교길 15(교동)
강릉김군박군횟집한치물회막국수점,일반음식점,한식,강원특별자치도 강릉시 난설헌로 203-18(1층 초당동)
강릉꼬막비빔밥풍호맛뜨락,일반음식점,한식,강원특별자치도 강릉시 임영로 10(1층 노암동)
강릉꼬막집독도네본점,일반음식점,한식,강원특별자치도 강릉시 옥천로 47(1층 옥천동)
강릉꼬막포차본점,일반음식점,한식,강원특별자치도 강릉시 옥천로 48(44호 옥천동)
강릉꽈배기&핫도그,일반음식점,분식,강원특별자치도 강릉시 하평3길 37(상가동 111호 포남동)
강릉낙곱새,일반음식점,한식,강원특별자치도 강릉시 옥천로 48(동부시장 1층 56호 옥천동)
강릉남매삼계탕,일반음식점,한식,강원특별자치도 강릉시 교동광장로 84(교동)
강릉낭만게장&백숙,일반음식점,한식,강원특별자치도 강릉시 초당원길 104(초당동)
강릉냉면일번지,일반음식점,한식,강원특별자치도 강릉시 옥가로50번길 26(옥천동)
강릉닭갈비,일반음식점,한식,강원특별자치도 강릉시 입암로 18(입암동)
강릉닭개장,일반음식점,한식,강원특별자치도 강릉시 경강로 2248(1층 포남동)
강릉대관령감자옹심이,일반음식점,한식,강원특별자치도 강릉시 하평길 6(포남동)
강릉댁,일반음식점,한식,강원특별자치도 강릉시 노가니길 10(노암동)
강릉댁아구찜,일반음식점,한식,강원특별자치도 강릉시 하평4길 22(1층 포남동)
강릉도야족발,일반음식점,한식,강원특별자치도 강릉시 경강로 2272(1층 포남동)
강릉두부마을,일반음식점,한식,강원특별자치도 강릉시 구정면 금평로 154-4(1층)
강릉뒷고기,일반음식점,한식,강원특별자치도 강릉시 강릉대로 441(포남동)
강릉떡볶이,일반음식점,분식,강원특별자치도 강릉시 금성로42번길 6(금학동)
강릉뚝배기,일반음식점,한식,강원특별자치도 강릉시 남부로 5(내곡동)
강릉뚝배기해장국,일반음식점,한식,강원특별자치도 강릉시 옥천로 57(옥천동)
강릉맛집,일반음식점,한식,강원특별자치도 강릉시 율곡로 2789(1층 성남동)
강릉명가,일반음식점,한식,강원특별자치도 강릉시 경강로 1898-13(1층 홍제동)
강릉모카번,일반음식점,한식,강원특별자치도 강릉시 곶감전길 17(1층 성남동)
강릉밥선생,일반음식점,한식,강원특별자치도 강릉시 옥천로 72(옥천동)
강릉보리밥,일반음식점,한식,강원특별자치도 강릉시 사천면 진리항구길 19(2층)
강릉본가막국수,일반음식점,분식,강원특별자치도 강릉시 운정길 36(난곡동)
강릉불고기,일반음식점,한식,강원특별자치도 강릉시 강동면 풍호길 270
강릉불장어,일반음식점,한식,강원특별자치도 강릉시 해안로 280(1층 3호 강문동)
강릉불향쭈꾸미,일반음식점,한식,강원특별자치도 강릉시 율곡초교길11번길 21(교동)
강릉사임당술빵,일반음식점,분식,강원특별자치도 강릉시 금성로23번길 8(성남동)
강릉새우,일반음식점,한식,강원특별자치도 강릉시 경강로2115번길 3(임당동)
강릉순두부장칼국수,일반음식점,한식,강원특별자치도 강릉시 강릉대로313번길 20(1층 포남동)
강릉숯불생선구이,일반음식점,한식,강원특별자치도 강릉시 옥가로 29(옥천동)
강릉시니어클럽한송정밥상,일반음식점,분식,강원특별자치도 강릉시 강릉대로 448(강릉시립도서관 지하층 포남동)
강릉실비,일반음식점,한식,강원특별자치도 강릉시 정원로 77-10(1층 교동)
강릉아산의전식당,일반음식점,한식,강원특별자치도 강릉시 사천면 방동길 38
강릉아산죽스넥,일반음식점,한식,강원특별자치도 강릉시 사천면 방동길 38-1
강릉아산푸드코트,일반음식점,한식,강원특별자치도 강릉시 사천면 방동길 38-1
강릉양꼬치,일반음식점,한식,강원특별자치도 강릉시 옥천로19번길 32(옥천동)
강릉엄지네꼬막집.엄지네포장마차,일반음식점,분식,강원특별자치도 강릉시 경강로2255번길 21(포남동)
강릉엄지네꼬막집1호점,일반음식점,한식,강원특별자치도 강릉시 남구길30번길 22(1층 포남동)
강릉엄지네꼬막집2호점,일반음식점,한식,강원특별자치도 강릉시 경강로2255번길 25-2(1층 포남동)
강릉역옹막회산점,일반음식점,한식,강원특별자치도 강릉시 회산로 256(회산동)
강릉염전조개구이,일반음식점,한식,강원특별자치도 강릉시 경강로 2455(1층 송정동)
강릉오겹살,일반음식점,한식,강원특별자치도 강릉시 중기길 22(1층 포남동)
강릉오징어순대,일반음식점,분식,강원특별자치도 강릉시 중앙시장1길 17(성남동)
강릉옥,일반음식점,한식,강원특별자치도 강릉시 토성로 82(홍제동)
강릉옹막,일반음식점,한식,강원특별자치도 강릉시 강릉대로 455(1층 포남동)
강릉원주대학교생협학생식당,일반음식점,한식,강원특별자치도 강릉시 죽헌길 7(지변동)
강릉유환식당,일반음식점,한식,강원특별자치도 강릉시 강릉대로587번길 2(초당동)
강릉의료원장례식장식당,일반음식점,한식,강원특별자치도 강릉시 경강로 2007(지하동 1층 남문동)
강릉장칼국수,일반음식점,한식,강원특별자치도 강릉시 옥천로19번길 13(1층 옥천동)
강릉전복영양솥밥,일반음식점,한식,강원특별자치도 강릉시 초당순두부길55번길 38(2층 초당동)
강릉전복해물뚝배기,일반음식점,한식,강원특별자치도 강릉시 창해로 361-2(1층 강문동)
강릉전집,일반음식점,분식,강원특별자치도 강릉시 솔올로5번길 9(교동)
강릉정선달,일반음식점,한식,강원특별자치도 강릉시 가작로303번길 2(포남동)
강릉제진밥사무소,일반음식점,한식,강원특별자치도 강릉시 사천면 중앙서로 203
강릉조개빵,일반음식점,한식,강원특별자치도 강릉시 창해로 364(강문동)
강릉중앙분식,일반음식점,분식,강원특별자치도 강릉시 중앙시장1길 16-2(성남동)
강릉중앙상회,일반음식점,한식,강원특별자치도 강릉시 금성로23번길 4-7(1층 성남동)
강릉진주식당,일반음식점,한식,강원특별자치도 강릉시 지변길 4(지변동)
강릉집,일반음식점,한식,강원특별자치도 강릉시 중앙시장1길 9(1층 성남동)
강릉짬뽕순두부강릉본점,일반음식점,한식,강원특별자치도 강릉시 초당순두부길 116(강문동)
강릉참치,일반음식점,한식,강원특별자치도 강릉시 정원로 74-19(교동)
강릉청국장,일반음식점,한식,강원특별자치도 강릉시 초당순두부길55번길 14-5(초당동)
강릉초당두부전문점,일반음식점,한식,강원특별자치도 강릉시 운정길 143(운정동)
강릉초당두부정동진본점,일반음식점,한식,강원특별자치도 강릉시 강동면 헌화로 1003(차오름 1층)
강릉초당불향쭈꾸미,일반음식점,한식,강원특별자치도 강릉시 남부로 35(내곡동)
강릉초당콩감자탕,일반음식점,한식,강원특별자치도 강릉시 초당순두부길 3(초당동)
강릉코다리찜,일반음식점,한식,강원특별자치도 강릉시 하평3길 8-1(포남동)
강릉크로와상붕어빵,일반음식점,분식,강원특별자치도 강릉시 성덕포남로168번안길 15(1층 포남동)
강릉파스타아스따,일반음식점,한식,강원특별자치도 강릉시 남구길10번길 14(포남동)
강릉한식도시락뷔페,일반음식점,한식,강원특별자치도 강릉시 지변길 49(1층 지변동)
강릉한식도시락뷔페,일반음식점,한식,강원특별자치도 강릉시 강변로534번길 30(1층 입암동)
강릉한우만,일반음식점,한식,강원특별자치도 강릉시 정원로 74-23(교동)
강릉한우원,일반음식점,한식,"강원특별자치도 강릉시 하슬라로 180(2동 2,3층 교동)"
강릉한전식당,일반음식점,한식,강원특별자치도 강릉시 강릉대로 563(포남동)
강릉한정식 하서주미역,일반음식점,한식,강원특별자치도 강릉시 난설헌로 73(1층 포남동)
강릉현대장칼국수,일반음식점,분식,강원특별자치도 강릉시 임영로182번길 7-1(임당동)
강릉홍가네옹심이,일반음식점,한식,강원특별자치도 강릉시 범일로 629(1층 내곡동)
강문옛태광식당,일반음식점,한식,강원특별자치도 강릉시 난설헌로 105(라동 3호 포남동)
강문칼국수,일반음식점,한식,강원특별자치도 강릉시 창해로 368(1층 강문동)
강변식당,일반음식점,한식,강원특별자치도 강릉시 연곡면 진고개로 1736
강보리밥,일반음식점,한식,강원특별자치도 강릉시 구정면 구정중앙로 226(1층)
강부맛나는닭갈비포남점,일반음식점,한식,강원특별자치도 강릉시 남구길24번길 9(포남동)
강원도엄나무닭강정,일반음식점,분식,강원특별자치도 강릉시 주문진읍 시장길 59(1층)
개두릅장칼국수,일반음식점,한식,강원특별자치도 강릉시 사천면 미노길 56-1
개미옹심이,일반음식점,한식,강원특별자치도 강릉시 강릉대로 155(교동)
개스토랑인위촌길299,일반음식점,한식,강원특별자치도 강릉시 성산면 위촌길 299
갯마을낙지,일반음식점,한식,강원특별자치도 강릉시 성덕포남로188번길 13(포남동)
갯마을식당,일반음식점,한식,강원특별자치도 강릉시 초당원길 17(1층 초당동)
갯벌의조개강릉점,일반음식점,한식,강원특별자치도 강릉시 강변로470번길 18(1층 입암동)
갱스터분식카페,일반음식점,분식,강원특별자치도 강릉시 관솔길 97-1(내곡동)
건강밥상,일반음식점,한식,강원특별자치도 강릉시 강동면 단경로 33
건강삼계탕,일반음식점,한식,강원특별자치도 강릉시 성덕로 167(병산동)
겸상,일반음식점,한식,강원특별자치도 강릉시 선수촌로63번길 22-12(1층 홍제동)
경상도식당,일반음식점,한식,강원특별자치도 강릉시 중앙시장1길 13(성남동)
경포479,일반음식점,분식,강원특별자치도 강릉시 경포로 479(안현동)
경포가든,일반음식점,한식,강원특별자치도 강릉시 경포로463번길 34(안현동)
경포막국수,일반음식점,한식,강원특별자치도 강릉시 율곡로 3176(1층 죽헌동)
경포삼성관,일반음식점,한식,강원특별자치도 강릉시 경포로 489-6(안현동)
경포순두부,일반음식점,한식,강원특별자치도 강릉시 운정길 131(운정동)
경포엄마손식당,일반음식점,한식,강원특별자치도 강릉시 신대학길 4(1층 성내동)
경포올레길식당,일반음식점,한식,강원특별자치도 강릉시 안현로244번길 59-10(저동)
경포왕만두,일반음식점,분식,강원특별자치도 강릉시 율곡로 3176(다동 1층 죽헌동)
경포전주식당,일반음식점,한식,"강원특별자치도 강릉시 경포로 489-6(14,15,16호 안현동)"
경포초당순두부식당,일반음식점,한식,강원특별자치도 강릉시 해안로 517(안현동)
경포칼국수,일반음식점,한식,강원특별자치도 강릉시 안현로 300(1층 저동)
경포호해식당,일반음식점,한식,강원특별자치도 강릉시 경포로463번길 30-5(106호 안현동)
계곡민박식당,일반음식점,한식,강원특별자치도 강릉시 성산면 보현길 103-13(1층)
계륵장군 유천점,일반음식점,한식,강원특별자치도 강릉시 선수촌로63번길 30-14(1층 홍제동)
고가네숯불고기냉면.육개장칼국수,일반음식점,한식,강원특별자치도 강릉시 옥계면 현내시장길 71(1층)
고갯마루집,일반음식점,한식,강원특별자치도 강릉시 왕산면 백두대간로 646
고궁한정식,일반음식점,한식,강원특별자치도 강릉시 중앙시장3길 15-3(성남동)
고기랑조개랑,일반음식점,한식,강원특별자치도 강릉시 강동면 헌화로 1029-5
고기카페,일반음식점,한식,강원특별자치도 강릉시 임영로 13(노암동)
고단막국수,일반음식점,분식,강원특별자치도 강릉시 왕산면 백두대간로 57-10
고단황금막국수냉면강릉점,일반음식점,분식,강원특별자치도 강릉시 하슬라로 199(교동)
고담집,일반음식점,한식,강원특별자치도 강릉시 하슬라로232번길 20(1층 교동)
고래,일반음식점,한식,강원특별자치도 강릉시 주문진읍 연주로 372-1
고래국밥강릉점,일반음식점,한식,강원특별자치도 강릉시 토성로 128(지하1층 용강동)
고래등,일반음식점,한식,강원특별자치도 강릉시 옥천로 59(1층 옥천동)
고래밥한식뷔페,일반음식점,한식,강원특별자치도 강릉시 경강로 2526(1층 송정동)
고래섬,일반음식점,한식,강원특별자치도 강릉시 임영로25번길 35(내곡동)
고려원,일반음식점,한식,강원특별자치도 강릉시 옥천로62번길 27(교동)
고메당,일반음식점,한식,강원특별자치도 강릉시 율곡로2968번길 22(교동)
고수면옥강릉점,일반음식점,분식,강원특별자치도 강릉시 강릉대로 237(2층 교동)
고양골추어탕,일반음식점,한식,강원특별자치도 강릉시 성곡고양길 55(교동)
고을식당,일반음식점,한식,강원특별자치도 강릉시 강동면 율곡로 1985
고향감자탕,일반음식점,한식,강원특별자치도 강릉시 성덕포남로 102(입암동)
고향먹거리,일반음식점,한식,"강원특별자치도 강릉시 금성로 21(성남동,2층 42호)"
고향산천,일반음식점,한식,강원특별자치도 강릉시 연곡면 소금강길 244
고향산천초당순두부,일반음식점,한식,강원특별자치도 강릉시 난설헌로219번길 34(초당동)
고향촌,일반음식점,한식,강원특별자치도 강릉시 강동면 헌화로 1080
고향해장국,일반음식점,한식,강원특별자치도 강릉시 동부시장1길 12(옥천동)
곤지암할매소머리국밥,일반음식점,한식,강원특별자치도 강릉시 강릉대로 268(교동)
골든벨7080,일반음식점,한식,강원특별자치도 강릉시 남구길23번길 25(지하층 포남동)
곰돌이왕만두,일반음식점,한식,강원특별자치도 강릉시 금성로13번길 14(1층 성남동)
곰치랑대구랑,일반음식점,한식,강원특별자치도 강릉시 강동면 안인진길 17(1층)
곱도리상회,일반음식점,한식,강원특별자치도 강릉시 율곡로 2835(1층 옥천동)
곱창미지수,일반음식점,분식,강원특별자치도 강릉시 중앙시장3길 12(1층 성남동)
곱창백화점,일반음식점,한식,강원특별자치도 강릉시 주문진읍 매맥이아랫길 9-4
곱창전골명가도계물닭갈비,일반음식점,한식,강원특별자치도 강릉시 성산면 구산길 92
공감,일반음식점,한식,강원특별자치도 강릉시 용지각길 12(포남동)
공단분식,일반음식점,분식,강원특별자치도 강릉시 강변로534번길 45(입암동)
공원반점,일반음식점,분식,강원특별자치도 강릉시 금성로14번길 5(금학동)
공주네,일반음식점,한식,강원특별자치도 강릉시 주문진읍 해안로 1754(2단지4동)
과객,일반음식점,한식,강원특별자치도 강릉시 성산면 갈매간길 8-3
곽가네시오야끼,일반음식점,한식,강원특별자치도 강릉시 임영로116번안길 1(금학동)
관제탑해물탕,일반음식점,한식,강원특별자치도 강릉시 강동면 정동1길 1
광덕식당,일반음식점,한식,강원특별자치도 강릉시 경강로 2403(1~2층 송정동)
광덕식당중앙시장점,일반음식점,한식,강원특별자치도 강릉시 중앙시장길 22-3(성남동)
교동그집,일반음식점,한식,강원특별자치도 강릉시 옛강일길 16(1층 교동)
교동김밥,일반음식점,분식,강원특별자치도 강릉시 율곡로 2866(1층 교동)
교동동태탕,일반음식점,한식,강원특별자치도 강릉시 사임당로 131-1(107호 홍제동)
교동면옥,일반음식점,분식,강원특별자치도 강릉시 강릉대로210번길 5-4(임당동)
교동소머리곰탕,일반음식점,한식,강원특별자치도 강릉시 정원로 81(교동)
교동순대국밥,일반음식점,한식,강원특별자치도 강릉시 하슬라로206번길 7-15(1층 교동)
교동시골밥상,일반음식점,한식,강원특별자치도 강릉시 강릉대로269번길 17(교동)
교동식탐,일반음식점,한식,강원특별자치도 강릉시 솔올로5번길 18-4(1층 교동)
교동집,일반음식점,한식,강원특별자치도 강릉시 솔올로5번길 18-6(1층 교동)
교동칼국수,일반음식점,한식,강원특별자치도 강릉시 강릉대로 195(교동)
교동한식,일반음식점,한식,강원특별자치도 강릉시 화부산로 46(1층 교동)
교리단초밥,일반음식점,한식,강원특별자치도 강릉시 강릉대로194번길 9(1층 임당동)
교오복식당,일반음식점,한식,강원특별자치도 강릉시 토성로191번길 15(교동)
교항면옥,일반음식점,분식,강원특별자치도 강릉시 주문진읍 연주로 263
교항식당,일반음식점,한식,강원특별자치도 강릉시 주문진읍 신리천로 96
구구족,일반음식점,한식,강원특별자치도 강릉시 경강로 2067(1층 성내동)
구석,일반음식점,한식,강원특별자치도 강릉시 율곡초교길 17(교동)
구인당식당,일반음식점,한식,강원특별자치도 강릉시 주문진읍 시장길 31
구정휴게소 구정반상,일반음식점,한식,강원특별자치도 강릉시 구정면 동해고속도로 345
구정막국수,일반음식점,한식,강원특별자치도 강릉시 구정면 구정중앙로 91
구정쌈밥,일반음식점,한식,강원특별자치도 강릉시 구정면 봉양2길 29-12(1층)
국민낙곱새강릉점,일반음식점,한식,강원특별자치도 강릉시 토성로 125(용강동)
국밥가,일반음식점,한식,강원특별자치도 강릉시 성덕포남로188번길 25(포남동)
국밥생각,일반음식점,한식,강원특별자치도 강릉시 율곡초교길39번길 6(교동)
국밥참맛있는집강릉유천점,일반음식점,한식,강원특별자치도 강릉시 선수촌로 64-19(101호 홍제동)
국밥참맛있는집강릉포남점,일반음식점,한식,강원특별자치도 강릉시 강릉대로 406-1(1층 포남동)
국보삼계탕,일반음식점,한식,강원특별자치도 강릉시 토성로191번길 7(옥천동)
국수나루,일반음식점,한식,강원특별자치도 강릉시 토성로 193(옥천동)
국수나무강릉교동점,일반음식점,분식,강원특별자치도 강릉시 솔올로 34(교동)
국수나무강릉유천점,일반음식점,분식,강원특별자치도 강릉시 선수촌로 79-15(110호 홍제동)
국수나무주문진점,일반음식점,한식,강원특별자치도 강릉시 주문진읍 주문로 78(1층)
국수마니아,일반음식점,한식,강원특별자치도 강릉시 옥가로50번길 2(옥천동)
국수마을,일반음식점,분식,강원특별자치도 강릉시 옥천로19번길 32(옥천동)
국수와파전,일반음식점,분식,강원특별자치도 강릉시 가작로 24(1층 교동)
국시집,일반음식점,분식,강원특별자치도 강릉시 팔송길35번길 30(삼익비치맨션 상가 106호 송정동)
굴다리돌솥밥,일반음식점,한식,강원특별자치도 강릉시 주문진읍 매맥이길 36(1층)
굴사랑,일반음식점,한식,강원특별자치도 강릉시 가작로 16-1(교동)
궁전구내식당,일반음식점,한식,강원특별자치도 강릉시 남구길23번길 9(포남동)
궁전사우나구내분식,일반음식점,분식,강원특별자치도 강릉시 남구길23번길 9(포남동)
권오복분틀메밀국수,일반음식점,분식,강원특별자치도 강릉시 율곡로 2713(노암동)
귀자네순대국밥,일반음식점,한식,강원특별자치도 강릉시 주문진읍 신리천로 10(19동 101호)
규미네소머리국밥,일반음식점,한식,강원특별자치도 강릉시 연곡면 남평길 71
그날그날먹거리,일반음식점,한식,강원특별자치도 강릉시 옥천로 48(동부시장 1층 22호 옥천동)
그레이시스푼,일반음식점,한식,강원특별자치도 강릉시 성산면 공제로359번길 49-2
그리운바다성산포,일반음식점,한식,강원특별자치도 강릉시 강릉대로 148(교동)
그린피스,일반음식점,한식,강원특별자치도 강릉시 경포로463번길 37(1층 안현동)
그옛날순두부,일반음식점,한식,강원특별자치도 강릉시 초당순두부길 57(초당동)
금강식당,일반음식점,한식,강원특별자치도 강릉시 회산로408번길 13-3(홍제동)
금광리소양가든,일반음식점,한식,강원특별자치도 강릉시 구정면 금평로 589
금노다지,일반음식점,한식,강원특별자치도 강릉시 경강로 2198(포남동)
금당,일반음식점,한식,강원특별자치도 강릉시 성산면 구산길 87(1층)
금성해장국,일반음식점,한식,강원특별자치도 강릉시 남문길 27-1(남문동)
금성회관강릉교동점,일반음식점,한식,강원특별자치도 강릉시 솔올로5번길 40-5(1층 교동)
금정식당,일반음식점,한식,"강원특별자치도 강릉시 임영로155번길 6(서부시장 101,102,103,104호 용강동)"
금진향토식당,일반음식점,한식,강원특별자치도 강릉시 옥계면 금진뒷길 92
금천칼국수,일반음식점,분식,강원특별자치도 강릉시 강릉대로 445(포남동)
금학분식,일반음식점,분식,강원특별자치도 강릉시 사천면 방동길 43
금홍대게,일반음식점,한식,강원특별자치도 강릉시 주문진읍 주문로 150(부두시장)
금화식당,일반음식점,한식,강원특별자치도 강릉시 강릉대로 337-4(1층 포남동)
기대만족강릉점,일반음식점,한식,강원특별자치도 강릉시 화부산로 88-3(1층 교동)
기동이네장칼국수,일반음식점,분식,강원특별자치도 강릉시 강릉대로 461(포남동)
기사문&강릉락강정,일반음식점,한식,강원특별자치도 강릉시 정원로 78-22(교동)
기와집닭칼국수,일반음식점,분식,강원특별자치도 강릉시 구정면 회산로 88-12
기와집흑염소,일반음식점,한식,강원특별자치도 강릉시 경강로2245번길 5(포남동)
길목푸드,일반음식점,분식,강원특별자치도 강릉시 화부산로 101-1(교동)
길손,일반음식점,한식,강원특별자치도 강릉시 난설헌로78번길 42-3(포남동)
김가네식당,일반음식점,한식,강원특별자치도 강릉시 강중길 4(노암동)
김가네식당강남점,일반음식점,한식,강원특별자치도 강릉시 모산로 367(노암동)
김명자낙지마당강릉점,일반음식점,한식,강원특별자치도 강릉시 성덕로 271(입암동)
김밥나라주문진점,일반음식점,분식,강원특별자치도 강릉시 주문진읍 시장길 30(1층)
김밥천국서지골점,일반음식점,한식,강원특별자치도 강릉시 원대로 107(교동)
김밥천국임당점,일반음식점,분식,강원특별자치도 강릉시 경강로 2098(임당동)
김부자국밥,일반음식점,한식,강원특별자치도 강릉시 범일로579번길 21(내곡동)
김여사네,일반음식점,한식,강원특별자치도 강릉시 옥가로19번길 8(1층 옥천동)
김우정초당짬뽕순두부본점,일반음식점,한식,강원특별자치도 강릉시 초당순두부길 102(1층 초당동)
김윤미전복삼계탕,일반음식점,한식,강원특별자치도 강릉시 팔송길 6(송정동)
까막장이야기,일반음식점,한식,강원특별자치도 강릉시 저동길 165(1층 저동)
까치칼국수,일반음식점,한식,강원특별자치도 강릉시 강릉대로313번길 62(포남동)
깐부네,일반음식점,한식,강원특별자치도 강릉시 옥천로 59(옥천동)
깜상네야,일반음식점,한식,강원특별자치도 강릉시 중앙시장2길 51(성남동)
꺽다리아줌마해장국,일반음식점,한식,강원특별자치도 강릉시 하슬라로206번길 7-1(교동)
꼬김꼬김,일반음식점,분식,강원특별자치도 강릉시 성덕포남로 22-4(1층 입암동)
꼬지사께,일반음식점,한식,강원특별자치도 강릉시 솔올로5번길 47(101호 교동)
꼭지네식당,일반음식점,한식,강원특별자치도 강릉시 강동면 대동안길 15
꼼지락,일반음식점,한식,강원특별자치도 강릉시 율곡초교길39번길 16(1층 교동)
꽃보다소,일반음식점,한식,강원특별자치도 강릉시 경강로2255번길 6(포남동)
꽃보다소주문진점,일반음식점,분식,강원특별자치도 강릉시 주문진읍 주문로 51
꾹이네분식&포차,일반음식점,한식,강원특별자치도 강릉시 임영로 70(1층 노암동)
꿀꺽,일반음식점,한식,강원특별자치도 강릉시 해안로 292(6호 강문동)
꿀삼겹전부침,일반음식점,한식,강원특별자치도 강릉시 옥천로65번길 9(옥천동)
꿈드림식당,일반음식점,한식,강원특별자치도 강릉시 남부로136번길 16-11(1층 노암동)
끼리,일반음식점,한식,강원특별자치도 강릉시 임영로 13(노암동)
나그네식당,일반음식점,한식,강원특별자치도 강릉시 동부시장3길 11-1(옥천동)
나능이버섯백숙,일반음식점,한식,강원특별자치도 강릉시 경강로 2367(송정동)
나들이,일반음식점,한식,강원특별자치도 강릉시 성산면 구산강변길 76
나린면옥,일반음식점,분식,강원특별자치도 강릉시 임영로140번길 18(임당동)
나모야강릉점,일반음식점,한식,강원특별자치도 강릉시 강릉대로 250(1층 교동)
나상명강릉초당순두부,일반음식점,한식,강원특별자치도 강릉시 초당순두부길77번길 16(초당동)
나온,일반음식점,한식,강원특별자치도 강릉시 사천면 덕실길 235(1층)
나운칼국수,일반음식점,분식,강원특별자치도 강릉시 하슬라로206번길 3-1(교동)
나의아지트,일반음식점,한식,강원특별자치도 강릉시 주문진읍 항구2길 11-1(1층)
나폴리선생인교동,일반음식점,한식,강원특별자치도 강릉시 정원로 75(교동)
낙지대장,일반음식점,한식,강원특별자치도 강릉시 성덕로 120(병산동)
낙천식당,일반음식점,한식,강원특별자치도 강릉시 사천면 덕실길 6
난설헌메밀촌,일반음식점,분식,강원특별자치도 강릉시 난설헌로 105(포남동)
날라리포차,일반음식점,분식,강원특별자치도 강릉시 옥천로65번길 19(옥천동)
날밀보리뜰,일반음식점,한식,강원특별자치도 강릉시 난곡길22번길 5-8(난곡동)
남강릉막국수,일반음식점,한식,강원특별자치도 강릉시 성덕로 372(입암동)
남경막국수,일반음식점,분식,강원특별자치도 강릉시 범일로 681-6(1층 내곡동)
남도보쌈짚,일반음식점,한식,강원특별자치도 강릉시 남산초교길12번길 28(103호 내곡동)
남매식당,일반음식점,한식,강원특별자치도 강릉시 경강로2234번길 6(포남동)
남문동설렁탕,일반음식점,한식,강원특별자치도 강릉시 남문길 20-1(1층 남문동)
남문칼국수,일반음식점,분식,강원특별자치도 강릉시 남문길 32(남문동)
남북면옥,일반음식점,분식,강원특별자치도 강릉시 주문진읍 신리천로 90
남산골,일반음식점,한식,강원특별자치도 강릉시 남산초교길 7(1층 내곡동)
남산막국수,일반음식점,분식,강원특별자치도 강릉시 강변로 226(1층 노암동)
남애막국수,일반음식점,분식,강원특별자치도 강릉시 강릉대로 90(홍제동)
남항진순대국밥,일반음식점,한식,강원특별자치도 강릉시 공항길129번길 26(남항진동)
남항진어촌식당,일반음식점,한식,강원특별자치도 강릉시 공항길127번길 35-7(남항진동)
남향막국수,일반음식점,분식,강원특별자치도 강릉시 저동골길 30(저동)
남향막국수청량점,일반음식점,한식,강원특별자치도 강릉시 율곡로2652번길 3-5(청량동)
납돌추어탕,일반음식점,한식,강원특별자치도 강릉시 경강로2323번길 15(포남동)
낮밥밤술,일반음식점,한식,강원특별자치도 강릉시 성산면 공제로359번길 53(1층)
내고향,일반음식점,한식,강원특별자치도 강릉시 성덕포남로153번길 13(포남동)
내마음에찜강릉본점,일반음식점,한식,강원특별자치도 강릉시 경강로 2107(1층 임당동)
냉면집,일반음식점,분식,강원특별자치도 강릉시 성덕포남로182번길 17(포남동)
냉삼꼬세,일반음식점,한식,"강원특별자치도 강릉시 임영로155번길 6(1동 25호 용강동,서부시장)"
냠냠,일반음식점,분식,강원특별자치도 강릉시 범일로 633(1층 내곡동)
넉넉한샐러드&커피,일반음식점,한식,강원특별자치도 강릉시 동부시장길 1(1층 옥천동)
네스트커리,일반음식점,한식,강원특별자치도 강릉시 공항길 15(병산동)
노다지,일반음식점,한식,강원특별자치도 강릉시 주문진읍 작은다리길 9
노래곡막국수,일반음식점,분식,강원특별자치도 강릉시 남부로 54-6(내곡동)
노루목,일반음식점,한식,강원특별자치도 강릉시 연곡면 소금강길 473(1층)
노브랜드버거 강릉송정DI점,일반음식점,한식,강원특별자치도 강릉시 경강로 2518(1층 송정동)
녹원삼겹살데이,일반음식점,한식,강원특별자치도 강릉시 성덕포남로 102(입암동)
녹지원,일반음식점,한식,강원특별자치도 강릉시 주문진읍 항구윗길 12
논가집옹심이,일반음식점,한식,강원특별자치도 강릉시 공항길30번길 4-6(병산동)
논고랑 추어탕,일반음식점,한식,강원특별자치도 강릉시 동부시장3길 13(옥천동)
논골추어탕,일반음식점,한식,강원특별자치도 강릉시 경강로2267번길 29(1층 포남동)
놀랄호떡,일반음식점,분식,강원특별자치도 강릉시 금성로13번길 8-1(성남동)
놀부부대찌개&김치찜강릉유천점,일반음식점,한식,강원특별자치도 강릉시 선수촌로63번길 26-5(홍제동)
농촌보리밥,일반음식점,한식,강원특별자치도 강릉시 명주로17번길 17-3(남문동)
농촌순두부,일반음식점,한식,강원특별자치도 강릉시 초당순두부길 108(강문동)
뉴바다마을,일반음식점,한식,강원특별자치도 강릉시 연곡면 영진3길 8-2
느낌표백반집,일반음식점,한식,강원특별자치도 강릉시 산양큰길22번길 46(포남동)
"늘, 솔, 길",일반음식점,한식,강원특별자치도 강릉시 성산면 삼포암길 20-1(1층)
늘벗,일반음식점,한식,강원특별자치도 강릉시 연곡면 진고개로 1009
늘푸른쌈집,일반음식점,한식,강원특별자치도 강릉시 주문진읍 연주로 283
늘푸른집,일반음식점,한식,강원특별자치도 강릉시 강동면 안인일출길 24
능나도회냉면,일반음식점,분식,강원특별자치도 강릉시 성덕로 316-3(입암동)
다래,일반음식점,한식,강원특별자치도 강릉시 연곡면 남평길 33
다모아,일반음식점,한식,강원특별자치도 강릉시 하평1길 6(포남동)
다모아식당,일반음식점,한식,강원특별자치도 강릉시 해안로 298-5(강문동주차장 B동 1층 102호 강문동)
다미가,일반음식점,한식,강원특별자치도 강릉시 강동면 헌화로 1029
다미정,일반음식점,한식,강원특별자치도 강릉시 남부로18번길 71-3(1층 내곡동)
다바다,일반음식점,한식,강원특별자치도 강릉시 창해로 451(강문동)
다사랑분식,일반음식점,분식,강원특별자치도 강릉시 남부로125번길 24(1층 노암동)
다송가든,일반음식점,한식,강원특별자치도 강릉시 난설헌로193번길 18(1층 초당동)
다시마제일막국수,일반음식점,분식,강원특별자치도 강릉시 강변로 176(내곡동)
다연경포밥집,일반음식점,한식,강원특별자치도 강릉시 경포로475번길 18(안현동)
다온이네,일반음식점,분식,강원특별자치도 강릉시 율곡로2968번길 22(1층 교동)
다올닭반마리칼국수,일반음식점,한식,강원특별자치도 강릉시 범일로 686(1층 내곡동)
다옴갈비,일반음식점,한식,강원특별자치도 강릉시 강변로182번길 3(101호 내곡동)
다원별채식당,일반음식점,한식,강원특별자치도 강릉시 성산면 지암길 276-2(1층)
다원식당,일반음식점,한식,강원특별자치도 강릉시 경강로2291번길 24(1층 포남동)
다이닝조개본점,일반음식점,한식,강원특별자치도 강릉시 해안로 280(4호 강문동)
단골집,일반음식점,한식,강원특별자치도 강릉시 중앙시장2길 58(성남동)
단오마을,일반음식점,한식,강원특별자치도 강릉시 남산초교길11번길 24(내곡동)
단오억수맛집,일반음식점,한식,강원특별자치도 강릉시 안땔길 2(노암동)
단지,일반음식점,한식,강원특별자치도 강릉시 주문진읍 시장길 52-1
달구지막창주문진점,일반음식점,한식,강원특별자치도 강릉시 연곡면 영진3길 6-2(102호)
달떡볶이강릉점,일반음식점,분식,강원특별자치도 강릉시 금성로 10(101호 옥천동)
달래분식,일반음식점,분식,강원특별자치도 강릉시 옥계면 현내시장길 75
달래해장강릉교동점,일반음식점,한식,강원특별자치도 강릉시 솔올로 64(1층 교동)
닭갈비연구소,일반음식점,한식,강원특별자치도 강릉시 율곡초교길43번길 21(교동)
닭발과파전,일반음식점,한식,강원특별자치도 강릉시 임영로155번길 5(용강동)
대게마을,일반음식점,한식,강원특별자치도 강릉시 사임당로 64(F동 2층 홍제동)
대게왕국,일반음식점,한식,강원특별자치도 강릉시 주문진읍 해안로 1789-1
대게특별시,일반음식점,한식,강원특별자치도 강릉시 금성로13번길 9-2(1층 21호 성남동)
대게한마당,일반음식점,한식,강원특별자치도 강릉시 주문진읍 해안로 1710
대경식당,일반음식점,한식,강원특별자치도 강릉시 중앙시장3길 40-1(성남동)
대관령둥지식당,일반음식점,한식,강원특별자치도 강릉시 경강로 1925(홍제동)
대관령쉼터식당,일반음식점,한식,강원특별자치도 강릉시 성산면 대관령옛길 92-1(1층)
대관령시레기밥상,일반음식점,한식,강원특별자치도 강릉시 공항길 147(남항진동)
대관령식당,일반음식점,한식,강원특별자치도 강릉시 연곡면 진고개로 2735
대관령원조감자탕,일반음식점,한식,강원특별자치도 강릉시 경강로2291번길 27(포남동)
대관령주막,일반음식점,한식,강원특별자치도 강릉시 사천면 방동안길 31
대관령황태촌,일반음식점,한식,강원특별자치도 강릉시 주문진읍 주문로 28-1(1층)
대굴령민들레동산,일반음식점,한식,강원특별자치도 강릉시 성산면 성연로 17
대기리벌말식당,일반음식점,한식,강원특별자치도 강릉시 왕산면 노추산로 1692(1층)
대동면옥,일반음식점,분식,강원특별자치도 강릉시 주문진읍 연주로 438
대동식당,일반음식점,한식,강원특별자치도 강릉시 강동면 원장봉길 7
대동집,일반음식점,한식,강원특별자치도 강릉시 솔올로 56(교동)
대동푸드한식뷔페&도시락,일반음식점,한식,강원특별자치도 강릉시 경포로 32(1층 교동)
대륙 해물탕.해물찜,일반음식점,한식,강원특별자치도 강릉시 강릉대로457번길 18(포남동)
대림칼국수,일반음식점,분식,강원특별자치도 강릉시 남강초교2길 38(포남동)
대만족,일반음식점,한식,강원특별자치도 강릉시 하슬라로206번길 16-2(1층 교동)
대박대게횟집,일반음식점,한식,강원특별자치도 강릉시 하슬라로232번길 3-9(교동)
대박이네,일반음식점,한식,강원특별자치도 강릉시 동부시장길 46(옥천동)
대박집,일반음식점,한식,강원특별자치도 강릉시 용지로 152(1층 옥천동)
대찬맛집,일반음식점,분식,강원특별자치도 강릉시 주문진읍 시장길 55-1
대청감자탕,일반음식점,한식,강원특별자치도 강릉시 하평길 34(포남동)
대청감자탕내곡점,일반음식점,한식,강원특별자치도 강릉시 범일로 631(내곡동)
대풍식당,일반음식점,한식,강원특별자치도 강릉시 중앙시장1길 14(성남동)
더갈만,일반음식점,한식,강원특별자치도 강릉시 하평4길 27(포남동)
더굿캠프,일반음식점,한식,강원특별자치도 강릉시 강동면 원장봉길 67-17(1층)
더맛용궁식당,일반음식점,한식,강원특별자치도 강릉시 노암길42번길 24(노암한라상가동 1층 112호 노암동)
더족발보쌈강릉점,일반음식점,한식,강원특별자치도 강릉시 동부시장3길 18(강릉시산림조합 1층 옥천동)
더통큰한식뷔페,일반음식점,한식,강원특별자치도 강릉시 강동면 율곡로 1961(1층)
더팍스,일반음식점,한식,강원특별자치도 강릉시 토성로 190(옥천동)
더퍼니,일반음식점,한식,강원특별자치도 강릉시 해안로 633-7(2층 안현동)
더프롤로그필드,일반음식점,한식,강원특별자치도 강릉시 송정길33번길 21(송정동)
더하썸,일반음식점,분식,강원특별자치도 강릉시 강릉대로587번길 16(1층 초당동)
덕이식당,일반음식점,한식,강원특별자치도 강릉시 강동면 헌화로 1096-1
덮담,일반음식점,한식,"강원특별자치도 강릉시 선수촌로 13(상가동 105호 홍제동, 엘에이치미디어촌5단지)"
덮밥장사장 강릉점,일반음식점,한식,강원특별자치도 강릉시 선수촌로63번길 14-16(110호 홍제동)
덮친밥,일반음식점,한식,강원특별자치도 강릉시 옥가로58번길 26(1층 옥천동)
델타홀식당,일반음식점,한식,강원특별자치도 강릉시 창해로 259(1층 강문동)
도깨비식당,일반음식점,한식,강원특별자치도 강릉시 주문진읍 연주로 376-1(1층)
도담주물럭,일반음식점,한식,강원특별자치도 강릉시 금성로45번길 12(성남동)
도리식당,일반음식점,한식,강원특별자치도 강릉시 지변길 16(1층 지변동)
도스마스강릉원주대점,일반음식점,분식,강원특별자치도 강릉시 지변길24번길 1(지변동)
도야족발,일반음식점,한식,강원특별자치도 강릉시 하슬라로177번길 9(교동)
도야족발 주문진점,일반음식점,한식,강원특별자치도 강릉시 주문진읍 연주로 303(1층)
도쿄시장강릉교동점,일반음식점,한식,강원특별자치도 강릉시 하슬라로206번길 20-10(교동)
돈드림,일반음식점,한식,강원특별자치도 강릉시 남구길10번길 10(포남동)
돈마루솥뚜껑,일반음식점,한식,강원특별자치도 강릉시 강릉대로98번길 7(1층 홍제동)
돈현이네,일반음식점,한식,강원특별자치도 강릉시 주문진읍 해안로 1709(14동 102호)
돌다리식당,일반음식점,한식,강원특별자치도 강릉시 사천면 본동길 10
돌담호박요리전문점,일반음식점,한식,강원특별자치도 강릉시 사천면 동해대로 3722
돌집,일반음식점,한식,강원특별자치도 강릉시 구정면 구정중앙로 199(1층)
동국이네맛집,일반음식점,한식,강원특별자치도 강릉시 금성로11번길 5-2(1층 성남동)
동궁염소탕,일반음식점,한식,강원특별자치도 강릉시 강릉대로419번길 17(포남동)
동궁염소탕주문진점,일반음식점,한식,강원특별자치도 강릉시 주문진읍 중앙골목길 21
동궁염소탕중앙점,일반음식점,한식,강원특별자치도 강릉시 경강로2103번길 15(임당동)
동궁찜닭,일반음식점,한식,강원특별자치도 강릉시 율곡로 2814(1층 옥천동)
동그라미분식,일반음식점,분식,강원특별자치도 강릉시 옥천로 62(1층 옥천동)
동그린구내식당,일반음식점,한식,강원특별자치도 강릉시 강동면 단경로 114
동남식당,일반음식점,한식,강원특별자치도 강릉시 옥계면 현내시장길 71
동남장터국밥,일반음식점,분식,강원특별자치도 강릉시 옥계면 현내중길 1
동막골,일반음식점,한식,강원특별자치도 강릉시 금성로61번길 10-5(성남동)
동막막국수,일반음식점,한식,강원특별자치도 강릉시 안현로 400-10(1층 안현동)
동명골식당,일반음식점,한식,강원특별자치도 강릉시 구정면 궁골길 18
동백장어,일반음식점,한식,강원특별자치도 강릉시 선수촌로 79-27(홍제동)
동부감자옹심이,일반음식점,한식,"강원특별자치도 강릉시 옥천로 48(옥천동,동부시장 1층 92호)"
동부구내식당,일반음식점,한식,강원특별자치도 강릉시 유산로 60(유산동)
동산가든,일반음식점,한식,강원특별자치도 강릉시 성산면 구산길 1-3
동서남식당,일반음식점,한식,강원특별자치도 강릉시 남문길 6(남문동)
동성관,일반음식점,한식,강원특별자치도 강릉시 병산동 22
동아식당,일반음식점,한식,강원특별자치도 강릉시 토성로 192(옥천동)
동아찜질식당,일반음식점,한식,강원특별자치도 강릉시 경강로 2080(임당동)
동원해장국집,일반음식점,한식,강원특별자치도 강릉시 강릉대로 236(교동)
동인식당,일반음식점,한식,강원특별자치도 강릉시 옥계면 현내안길 137
동인장례식장,일반음식점,한식,강원특별자치도 강릉시 강릉대로419번길 42(포남동)
동일장칼국수,일반음식점,분식,강원특별자치도 강릉시 강변로534번길 61(입암동)
동일장칼국수내곡점,일반음식점,한식,강원특별자치도 강릉시 범일로 597(5호 내곡동)
동천아귀찜,일반음식점,한식,강원특별자치도 강릉시 남부로17번길 16(1층 내곡동)
동촌,일반음식점,한식,강원특별자치도 강릉시 회산로339번길 17(회산동)
동춘해물마을,일반음식점,한식,강원특별자치도 강릉시 강동면 헌화로 976-2
동해관,일반음식점,한식,강원특별자치도 강릉시 율곡로 3020(교동)
동해구내식당,일반음식점,한식,강원특별자치도 강릉시 강변로 632(입암동)
동해막국수교동택지점,일반음식점,분식,강원특별자치도 강릉시 정원로 74-15(교동)
동해바다진미,일반음식점,한식,강원특별자치도 강릉시 강동면 대동안길 1-17
동해밥상,일반음식점,한식,강원특별자치도 강릉시 임영로 21(노암동)
동해보리밥,일반음식점,한식,강원특별자치도 강릉시 주문진읍 연주로 293
동해식당,일반음식점,한식,강원특별자치도 강릉시 사천면 진리해변길 63
동해식당,일반음식점,한식,강원특별자치도 강릉시 옥계면 현내시장길 63-1
동해안곰치식당,일반음식점,한식,강원특별자치도 강릉시 주문진읍 주문북로 4-1(1층)
동해안홍게무한리필,일반음식점,한식,강원특별자치도 강릉시 주문진읍 해안로 1788(1층)
동해일미,일반음식점,한식,강원특별자치도 강릉시 경강로2024번길 29(명주동)
동화가든원조짬순,일반음식점,한식,강원특별자치도 강릉시 초당순두부길77번길 15(초당동)
돼랑이네,일반음식점,한식,강원특별자치도 강릉시 경포로 72-24(1층 교동)
돼지집,일반음식점,한식,"강원특별자치도 강릉시 옥천로 48(옥천동,동부시장1층 100호)"
두마리찜닭두찜강릉포남점,일반음식점,한식,강원특별자치도 강릉시 하평3길 16-1(1층 포남동)
두메산골,일반음식점,한식,강원특별자치도 강릉시 사임당로 133(108호 홍제동)
두메산골옥계체인점,일반음식점,한식,"강원특별자치도 강릉시 옥천로 48(옥천동,동부시장2층 249호)"
두부마을초당순두부,일반음식점,한식,강원특별자치도 강릉시 사임당로 131-1(2동 지하1층 105호 홍제동)
두찜강릉중앙점,일반음식점,한식,강원특별자치도 강릉시 토성로 128(용강동)
뒷골,일반음식점,한식,강원특별자치도 강릉시 사임당로61번길 18(홍제동)
뒷섬,일반음식점,한식,강원특별자치도 강릉시 정원로 73-16(교동)
듬뿍,일반음식점,한식,강원특별자치도 강릉시 강릉대로443번길 2(1층 포남동)
듬뿍,일반음식점,분식,강원특별자치도 강릉시 하평2길 6(청송상가동 105호 포남동)
등명맛집,일반음식점,한식,강원특별자치도 강릉시 강동면 율곡로 1378
등지,일반음식점,한식,강원특별자치도 강릉시 옥가로50번길 3(1층 3호 옥천동)
등촌샤브칼국수,일반음식점,분식,강원특별자치도 강릉시 율곡초교길39번길 28(교동)
등촌샤브칼국수포남점,일반음식점,한식,강원특별자치도 강릉시 성덕포남로213번길 12-6(103호 포남동)
디딜방아,일반음식점,한식,강원특별자치도 강릉시 칠성로 581(유산동)
따스한,일반음식점,한식,강원특별자치도 강릉시 강동면 원장봉길 67-1(1층)
딱밤식당,일반음식점,한식,강원특별자치도 강릉시 관솔길12번길 59(1층 회산동)
딸부자막국수,일반음식점,분식,강원특별자치도 강릉시 강동면 대동안길 17
땡삐식당,일반음식점,한식,강원특별자치도 강릉시 원대로 23(1층 교동)
땡초우동인포차,일반음식점,분식,강원특별자치도 강릉시 관대길 21(내곡동)
떡볶당강릉내곡점,일반음식점,분식,강원특별자치도 강릉시 관대길 32(1층 내곡동)
떡볶이는생각하지마세요,일반음식점,분식,강원특별자치도 강릉시 중앙시장1길 6(성남동)
떡볶이참잘하는집 떡참 강릉홍제점,일반음식점,분식,강원특별자치도 강릉시 하슬라로 18(109호 홍제동)
또래오래포남입암점,일반음식점,한식,강원특별자치도 강릉시 용지각길20번길 4(1층 포남동)
또바기,일반음식점,한식,강원특별자치도 강릉시 주문진읍 신리길 19-2(1층)
뚝섬,일반음식점,한식,강원특별자치도 강릉시 입암로91번길 42(입암동)
뚱땡이국밥,일반음식점,한식,강원특별자치도 강릉시 경강로 2491(송정동)
뚱이네분식,일반음식점,분식,강원특별자치도 강릉시 옥가로19번길 6(1층 옥천동)
뚱할머니순두부,일반음식점,한식,강원특별자치도 강릉시 난설헌로 142(포남동)
뜸들이다강릉역점,일반음식점,한식,강원특별자치도 강릉시 강릉대로 298(1층 옥천동)
띵이네한방능이삼계탕,일반음식점,한식,강원특별자치도 강릉시 보래미길 33(1층 포남동)
라라푸드 홍짬순,일반음식점,한식,강원특별자치도 강릉시 주문진읍 해안로 1815(1층)
라면먹고갈래 강릉골방,일반음식점,분식,강원특별자치도 강릉시 창해로 251(1층 강문동)
라온네돌판집,일반음식점,한식,강원특별자치도 강릉시 경강로2256번길 4(1층 포남동)
로타리식당,일반음식점,한식,강원특별자치도 강릉시 구정면 범일로 135
루사,일반음식점,한식,강원특별자치도 강릉시 연곡면 소금강길 471
리몽,일반음식점,한식,강원특별자치도 강릉시 운정길 63(선교장 운정동)
마들식당,일반음식점,한식,강원특별자치도 강릉시 경포로 489-6(1층 20호 안현동)
마산미나아구찜,일반음식점,한식,강원특별자치도 강릉시 남구길24번길 10(포남동)
마약한식찜&탕,일반음식점,한식,강원특별자치도 강릉시 강릉대로 304(지하1층 포남동)
마왕족발강릉입암점,일반음식점,한식,"강원특별자치도 강릉시 입암로 153(입암동,외 1필지6,7호)"
마운틴화덕피자,일반음식점,한식,강원특별자치도 강릉시 한밭골길 76-14(1층 대전동)
마차군분식양,일반음식점,분식,강원특별자치도 강릉시 강동면 정동역길 16
마카,일반음식점,한식,강원특별자치도 강릉시 초당원길 26-1(1층 초당동)
막걸리는전을사랑해,일반음식점,한식,강원특별자치도 강릉시 주문진읍 주문로 83(1층)
막창공장,일반음식점,한식,강원특별자치도 강릉시 성덕포남로188번길 9(포남동)
만고땡안목점,일반음식점,분식,강원특별자치도 강릉시 경강로 2668(1층 104호 견소동)
만나생선조림,일반음식점,한식,강원특별자치도 강릉시 옥천로 48(동부시장 1층 30호 옥천동)
만나옹심이손칼국수,일반음식점,분식,강원특별자치도 강릉시 임영로 54-1(노암동)
만남분식,일반음식점,분식,강원특별자치도 강릉시 옥계면 현내시장길 81
만동면옥,일반음식점,분식,강원특별자치도 강릉시 공항길43번길 8(병산동)
만두먹고,일반음식점,분식,강원특별자치도 강릉시 강변북길 21(옥천동)
만선감자옹심이,일반음식점,한식,강원특별자치도 강릉시 공항길 46(병산동)
만선식당,일반음식점,한식,강원특별자치도 강릉시 임영로 159(용강동)
만선포차,일반음식점,한식,강원특별자치도 강릉시 하슬라로206번길 12-7(교동)
만양맛값,일반음식점,한식,강원특별자치도 강릉시 남구길18번길 19(포남동)
만억정흑염소,일반음식점,한식,강원특별자치도 강릉시 솔올로 65(2층 교동)
만추,일반음식점,한식,강원특별자치도 강릉시 병산동 22 공군제18전투비행단
맘김밥,일반음식점,분식,강원특별자치도 강릉시 성덕포남로188번길 20(1층 포남동)
맛가득,일반음식점,한식,강원특별자치도 강릉시 해안로 501(안현동)
맛갈참죽,일반음식점,한식,"강원특별자치도 강릉시 선수촌로 64-3(108호 홍제동, 유천이스턴빌딩)"
맛나칼국수,일반음식점,분식,강원특별자치도 강릉시 중앙시장길 22(성남동)
맛드렁,일반음식점,한식,강원특별자치도 강릉시 주문진읍 신리제방2길 32-5(1층)
맛드린,일반음식점,한식,강원특별자치도 강릉시 죽헌길85번길 6(1층 지변동)
맛따라길따라,일반음식점,한식,강원특별자치도 강릉시 하슬라로 26(홍제동)
맛마루부대찌개,일반음식점,한식,강원특별자치도 강릉시 해안로 298-5(B동 강문동)
맛사랑장칼국수,일반음식점,한식,강원특별자치도 강릉시 산양큰길 42(1층 포남동)
맛애정,일반음식점,한식,강원특별자치도 강릉시 옥가로 64(옥천동)
맛있는세상,일반음식점,한식,강원특별자치도 강릉시 솔올로5번길 12-7(1층 교동)
맛있는엄마밥상,일반음식점,한식,강원특별자치도 강릉시 주문진읍 장성로 48
맛있는초밥집,일반음식점,한식,강원특별자치도 강릉시 정원로 77-4(1층 교동)
맛있는하루,일반음식점,한식,강원특별자치도 강릉시 주문진읍 시장길 54
맛있으리,일반음식점,한식,강원특별자치도 강릉시 강릉대로443번길 9-1(포남동)
맛있으리헬스케어주식회사,일반음식점,한식,강원특별자치도 강릉시 강릉대로443번길 9-1(포남동)
맛조이,일반음식점,한식,강원특별자치도 강릉시 경강로 2139(1층 3호 옥천동)
매염방,일반음식점,한식,강원특별자치도 강릉시 강변로 156(1층 내곡동)
매일국수,일반음식점,분식,강원특별자치도 강릉시 성덕포남로 188(포남동)
매콤이,일반음식점,분식,강원특별자치도 강릉시 강릉대로 98(홍제동)
매콤이본점,일반음식점,분식,강원특별자치도 강릉시 중기길 4(1층 포남동)
메기와우렁이,일반음식점,한식,강원특별자치도 강릉시 중앙시장2길 58(성남동)
메기촌식당,일반음식점,한식,강원특별자치도 강릉시 주문진읍 신리천로 362
메밀능이촌,일반음식점,한식,강원특별자치도 강릉시 화부산로 171(교동)
메밀애감자,일반음식점,분식,강원특별자치도 강릉시 연곡면 영진3길 6-2
메밀집,일반음식점,한식,강원특별자치도 강릉시 동부시장1길 14(옥천동)
메밀향기,일반음식점,한식,강원특별자치도 강릉시 연당길 102(1층 초당동)
메시56,일반음식점,한식,강원특별자치도 강릉시 초당순두부길 56(1층 초당동)
메이플비치식당,일반음식점,한식,강원특별자치도 강릉시 강동면 새목이길 110
메이플비치호텔,일반음식점,한식,강원특별자치도 강릉시 강동면 염전길 255
면면백백,일반음식점,분식,강원특별자치도 강릉시 신대학길 39(1층 금학동)
면사랑우동가,일반음식점,분식,강원특별자치도 강릉시 옥천로 30(옥천동)
명가네FOOD,일반음식점,한식,강원특별자치도 강릉시 강동면 율곡로 2036-2(1층)
명가네손칼국수,일반음식점,분식,강원특별자치도 강릉시 강릉대로210번길 18(임당동)
명가네참칼국수,일반음식점,한식,강원특별자치도 강릉시 경강로 2194(포남동)
명가찜전문점,일반음식점,한식,강원특별자치도 강릉시 가작로 193(1층 교동)
명경막국수,일반음식점,한식,강원특별자치도 강릉시 저동골길 5(1층 저동)
명랑시대쌀핫도그주문진점,일반음식점,분식,강원특별자치도 강릉시 주문진읍 해안로 1737(102호)
명문식당,일반음식점,한식,강원특별자치도 강릉시 노가니길 29-1(노암동)
명산숯불구이,일반음식점,한식,강원특별자치도 강릉시 성덕포남로168번안길 24-1(포남동)
명성부침,일반음식점,한식,강원특별자치도 강릉시 중앙시장길 26(성남동)
명성식당,일반음식점,한식,강원특별자치도 강릉시 금성로5번길 12-1(성남동)
명성오징어순대,일반음식점,한식,강원특별자치도 강릉시 중앙시장1길 17(성남동)
명성옥,일반음식점,한식,강원특별자치도 강릉시 노암등길 92(노암동)
명신식당,일반음식점,한식,강원특별자치도 강릉시 동부시장3길 29(옥천동)
명우밥상,일반음식점,한식,강원특별자치도 강릉시 성덕포남로168번길 7(1층 포남동)
명주뜰,일반음식점,한식,강원특별자치도 강릉시 주문진읍 신리천로 79(1층)
명진옥,일반음식점,한식,강원특별자치도 강릉시 강동면 안인일출길 28
명태어장&쭈갑골 교동택지점,일반음식점,한식,강원특별자치도 강릉시 가작로 19(교동)
명품닭발,일반음식점,한식,강원특별자치도 강릉시 남구길18번길 15(포남동)
명희네,일반음식점,한식,강원특별자치도 강릉시 옥계면 옥계로 1090-9
모두랑식당,일반음식점,한식,강원특별자치도 강릉시 경강로2115번길 3(임당동)
모두와우동,일반음식점,분식,강원특별자치도 강릉시 동부시장길 17(옥천동)
모래내메밀촌,일반음식점,한식,강원특별자치도 강릉시 사천면 덕실길 107(가동 1층)
모래시계식당,일반음식점,한식,강원특별자치도 강릉시 강동면 헌화로 1013
모래틈식당,일반음식점,한식,강원특별자치도 강릉시 임영로 156-1(1층 임당동)
모모분식센타,일반음식점,분식,강원특별자치도 강릉시 중앙시장3길 37-4(성남동)
목포횟집식당,일반음식점,한식,"강원특별자치도 강릉시 해안로 501(1층 2호,5호 안현동)"
몬우골,일반음식점,한식,강원특별자치도 강릉시 사천면 중앙서로 92-52(1층)
못난이맛집,일반음식점,분식,강원특별자치도 강릉시 홍제로71번길 18(1층 홍제동)
못잊어분식,일반음식점,분식,강원특별자치도 강릉시 옥천로62번길 17(1층 교동)
못잊어집,일반음식점,한식,강원특별자치도 강릉시 강변로 220(2층 내곡동)
몽실네밥집,일반음식점,한식,강원특별자치도 강릉시 토성로191번길 1(옥천동)
몽실이,일반음식점,분식,강원특별자치도 강릉시 보래미길 47(포남동)
몽유,일반음식점,한식,강원특별자치도 강릉시 경강로2018번길 35(1층 명주동)
묘정,일반음식점,한식,강원특별자치도 강릉시 토성로 148-1(임당동)
무국적식탁,일반음식점,한식,강원특별자치도 강릉시 선수촌로63번길 26-11(홍제동)
무진장돼지순대국밥,일반음식점,한식,강원특별자치도 강릉시 주문진읍 연주로 538
문푸드,일반음식점,한식,강원특별자치도 강릉시 임영로155번길 9-1(1층 용강동)
문화식당,일반음식점,한식,강원특별자치도 강릉시 토성로123번길 6(용강동)
문희식,일반음식점,한식,강원특별자치도 강릉시 옥천로 48(동부시장 1층 59호 옥천동)
물소리,일반음식점,한식,강원특별자치도 강릉시 홍제로 33(홍제동)
미가온만두찐빵,일반음식점,분식,강원특별자치도 강릉시 용지로 47(1층 입암동)
"미니마트,죽헌수지식당",일반음식점,한식,강원특별자치도 강릉시 유죽길 235(죽헌동)
미돈삼겹살,일반음식점,한식,강원특별자치도 강릉시 공항길 139(남항진동)
미래먹거리,일반음식점,분식,강원특별자치도 강릉시 노가니길 4-1(노암동)
미래식당,일반음식점,한식,강원특별자치도 강릉시 동부시장길 3(옥천동)
미림식당,일반음식점,한식,강원특별자치도 강릉시 주문진읍 항구3길 3
미림헌,일반음식점,한식,강원특별자치도 강릉시 남부로17번길 25(내곡동)
미면소,일반음식점,분식,강원특별자치도 강릉시 용지로 132(옥천동)
미미포차2호점,일반음식점,한식,강원특별자치도 강릉시 주문진읍 구시장길 8-13
미방,일반음식점,한식,강원특별자치도 강릉시 임영로 66-1(노암동)
미선이네,일반음식점,한식,강원특별자치도 강릉시 강동면 헌화로 663-1
미성실내마차,일반음식점,분식,강원특별자치도 강릉시 옥계면 현내중길 2(1층)
미송순두부,일반음식점,한식,강원특별자치도 강릉시 초당순두부길 104(강문동)
미스터쭈삼,일반음식점,한식,강원특별자치도 강릉시 정원로 84-6(101호 교동)
미스한우,일반음식점,한식,강원특별자치도 강릉시 연곡면 영진길 30
미식가,일반음식점,한식,강원특별자치도 강릉시 옥가로19번길 6(옥천동)
미자네 밥포차,일반음식점,한식,강원특별자치도 강릉시 강변로534번길 22(1층 입암동)
미향식당,일반음식점,한식,강원특별자치도 강릉시 성산면 구산길 65
미화식당,일반음식점,한식,강원특별자치도 강릉시 주문진읍 구시장길 8-11
민들레,일반음식점,한식,강원특별자치도 강릉시 금성로5번길 9(성남동)
민쉐프의푸드스토리,일반음식점,한식,강원특별자치도 강릉시 경강로 2195(1층 옥천동)
민이반찬푸드,일반음식점,한식,강원특별자치도 강릉시 남부로17번길 25(1층 내곡동)
민지네,일반음식점,한식,강원특별자치도 강릉시 임영로116번길 2(1층 성내동)
믿음식당,일반음식점,한식,강원특별자치도 강릉시 연곡면 진고개로 2721
바깥강릉,일반음식점,한식,강원특별자치도 강릉시 하슬라로206번길 20-3(교동)
바다굴모듬찜,일반음식점,한식,강원특별자치도 강릉시 하평5길 42(포남동)
바다를담다,일반음식점,한식,강원특별자치도 강릉시 강동면 헌화로 1025(2~3층)
바다사랑,일반음식점,한식,강원특별자치도 강릉시 공항길127번길 66(남항진동)
바다식당,일반음식점,한식,강원특별자치도 강릉시 주문진읍 주문로 112
바다양푼이동태탕,일반음식점,한식,강원특별자치도 강릉시 주문진읍 해안로 1760(1760-1)
바다양푼이동태탕강릉교동점,일반음식점,한식,강원특별자치도 강릉시 경포로 29-4(지변동)
바다풍경,일반음식점,한식,강원특별자치도 강릉시 중앙시장3길 7(성남동)
바다향기가,일반음식점,한식,강원특별자치도 강릉시 강동면 헌화로 641(지하 1층)
바다향기가,일반음식점,한식,강원특별자치도 강릉시 강동면 헌화로 641
바닮참치&연어,일반음식점,한식,강원특별자치도 강릉시 남부로17번길 35(1층 101호 내곡동)
바랄희,일반음식점,한식,강원특별자치도 강릉시 사천면 해안로 904-4(1층)
바른농산,일반음식점,한식,강원특별자치도 강릉시 성산면 삼포암길 48(1층)
바삭이네,일반음식점,분식,강원특별자치도 강릉시 금성로13번길 9-2(1층 성남동)
박대감화로구이,일반음식점,한식,강원특별자치도 강릉시 하슬라로 184(교동)
반구정참숯민물장어,일반음식점,한식,강원특별자치도 강릉시 명륜로121번길 10(포남동)
반반,일반음식점,분식,강원특별자치도 강릉시 하평2길 6(1층 104호 포남동)
반상먹거리,일반음식점,한식,강원특별자치도 강릉시 노암길42번길 17(노암동)
반주,일반음식점,한식,강원특별자치도 강릉시 남산초교길 20(지하1층 내곡동)
반주,일반음식점,한식,강원특별자치도 강릉시 남산초교길 18(2층 내곡동)
반찬가게,일반음식점,한식,강원특별자치도 강릉시 산양큰길 34(103호 포남동)
반찬에 반하다,일반음식점,한식,강원특별자치도 강릉시 선수촌로63번길 18-5(1층 홍제동)
반찬플러스,일반음식점,한식,강원특별자치도 강릉시 용지로 27(입암동)
밤하늘포차,일반음식점,한식,강원특별자치도 강릉시 옥천로 73(교동)
밥&술,일반음식점,한식,강원특별자치도 강릉시 초당원길 15(1층 초당동)
밥먹고술먹고,일반음식점,한식,강원특별자치도 강릉시 범일로579번길 6(내곡동)
밥먹는마을,일반음식점,한식,강원특별자치도 강릉시 송정길2번길 7(송정동)
밥이나한잔해,일반음식점,한식,강원특별자치도 강릉시 연곡면 진고개로 2717-1(2층)
밥잘하는누나,일반음식점,한식,강원특별자치도 강릉시 강변로114번길 3(1층 내곡동)
밥톨,일반음식점,분식,강원특별자치도 강릉시 관대길29번길 29-8(내곡동)
밥풀릭스,일반음식점,한식,강원특별자치도 강릉시 옥천로61번길 12(1층 옥천동)
밥한그릇,일반음식점,한식,강원특별자치도 강릉시 성덕포남로174번길 18(1층 포남동)
방가네해장국,일반음식점,한식,강원특별자치도 강릉시 입암로 153(1층 B호 입암동)
방일해장국,일반음식점,한식,강원특별자치도 강릉시 강릉대로 296(1층 옥천동)
방학골추어탕,일반음식점,한식,강원특별자치도 강릉시 주문진읍 주문북로 132
배니닭강정2호,일반음식점,분식,강원특별자치도 강릉시 금성로 21(중앙시장 1층 187호 성남동)
배다리막국수,일반음식점,분식,강원특별자치도 강릉시 난곡길 12(난곡동)
배달식당,일반음식점,한식,강원특별자치도 강릉시 경강로 2210(포남동)
배떡,일반음식점,분식,강원특별자치도 강릉시 선수촌로63번길 18-15(2층 203호 홍제동)
배불뚝이,일반음식점,분식,강원특별자치도 강릉시 보래미길 33(1층 포남동)
백년칼국수,일반음식점,분식,강원특별자치도 강릉시 성덕로 316-11(106호 입암동)
백반집,일반음식점,한식,강원특별자치도 강릉시 동부시장1길 6(1층 옥천동)
백사장,일반음식점,분식,강원특별자치도 강릉시 경강로2343번길 8(포남동)
백세식단강릉지점,일반음식점,한식,강원특별자치도 강릉시 난설헌로78번길 51(지하1층 포남동)
백암순대국,일반음식점,한식,강원특별자치도 강릉시 강동면 율곡로 2359-5
백암왕순대,일반음식점,한식,강원특별자치도 강릉시 남부로 90(A동 101-102호 노암동)
백억다찌,일반음식점,한식,강원특별자치도 강릉시 옥천로 31(1층 옥천동)
백제삼계탕,일반음식점,한식,강원특별자치도 강릉시 토성로164번길 11(임당동)
버거웍스,일반음식점,한식,강원특별자치도 강릉시 창해로14번길 12(견소동)
버당말민속촌,일반음식점,한식,강원특별자치도 강릉시 성산면 칠봉로 40
벌집,일반음식점,분식,강원특별자치도 강릉시 경강로2069번길 15(임당동)
법원구내식당,일반음식점,한식,강원특별자치도 강릉시 동해대로 3288-18(난곡동)
베란다살롱,일반음식점,분식,강원특별자치도 강릉시 원대로 111(교동)
별내리는 산북,일반음식점,한식,강원특별자치도 강릉시 성산면 자포골길 7-1
별들의고향,일반음식점,한식,강원특별자치도 강릉시 중기3길 6-1(옥천동)
별미순대국전문점,일반음식점,한식,강원특별자치도 강릉시 주문진읍 신리제방1길 11-1(1층)
별미식당,일반음식점,한식,강원특별자치도 강릉시 주문진읍 항구윗길 9-1(1층)
별미정,일반음식점,한식,강원특별자치도 강릉시 명륜로 116-5(포남동)
별미해물찜,일반음식점,한식,강원특별자치도 강릉시 율곡로 2885(교동)
별빛포차,일반음식점,한식,강원특별자치도 강릉시 수문길19번길 22-3(1층 옥천동)
별이네,일반음식점,한식,강원특별자치도 강릉시 성덕포남로174번길 18(포남동)
병산감자옹심이,일반음식점,한식,강원특별자치도 강릉시 공항길43번길 1(병산동)
병산닭발과부침개,일반음식점,한식,강원특별자치도 강릉시 성덕포남로174번길 45(포남동)
병천순대내곡점,일반음식점,한식,강원특별자치도 강릉시 관대길36번길 2(1층 내곡동)
병천순대모래내,일반음식점,한식,강원특별자치도 강릉시 사천면 덕실길 4
병천황토방순대,일반음식점,한식,강원특별자치도 강릉시 하슬라로206번길 11-13(교동)
병천황토방순대초당점,일반음식점,한식,강원특별자치도 강릉시 초당원길54번길 18(초당동)
보광가든,일반음식점,한식,강원특별자치도 강릉시 성산면 성연로 133
보글이식당,일반음식점,한식,강원특별자치도 강릉시 경강로2246번길 3(포남동)
보래미즉석추어탕,일반음식점,한식,강원특별자치도 강릉시 보래미길 36(포남동)
보리향기,일반음식점,한식,강원특별자치도 강릉시 성산면 구산길 39(102호)
보배골,일반음식점,한식,강원특별자치도 강릉시 강변로 260-8(노암동)
보쌈천하,일반음식점,한식,강원특별자치도 강릉시 하평길 4(포남동)
보영이네해물칼국수,일반음식점,분식,강원특별자치도 강릉시 율곡초교길43번길 25(교동)
보현가든,일반음식점,한식,강원특별자치도 강릉시 성산면 성연로 67(지하1층)
복뚱이식당,일반음식점,한식,강원특별자치도 강릉시 주문진읍 주문로 13
복마니찐빵집,일반음식점,분식,강원특별자치도 강릉시 율곡로 3145(죽헌동)
복순네,일반음식점,한식,강원특별자치도 강릉시 옥천로 71(옥천동)
복순네식당,일반음식점,한식,강원특별자치도 강릉시 중앙시장2길 53(1층 성남동)
복실이식당,일반음식점,한식,강원특별자치도 강릉시 옥천로 48(1층 121호 옥천동)
복짬,일반음식점,한식,강원특별자치도 강릉시 강릉대로419번길 21(포남동)
복촌식당,일반음식점,한식,강원특별자치도 강릉시 옥천로 70(옥천동)
본가동해막국수,일반음식점,분식,강원특별자치도 강릉시 연곡면 성안길 47-3
본가마산아구찜,일반음식점,한식,강원특별자치도 강릉시 경강로2245번길 14(포남동)
본도시락강릉교동점,일반음식점,한식,강원특별자치도 강릉시 율곡초교길47번길 23(1층 102호 교동)
본래순대,일반음식점,한식,강원특별자치도 강릉시 가작로 20(교동)
본스치킨더샵점,일반음식점,한식,"강원특별자치도 강릉시 율곡로2692번길 14(108호 입암동, 더샵상가)"
본전집,일반음식점,한식,"강원특별자치도 강릉시 선수촌로 79-19(1층 104,105호 홍제동)"
본전해물전문,일반음식점,한식,강원특별자치도 강릉시 옥가로19번길 10(옥천동)
본죽앤비빔밥,일반음식점,한식,강원특별자치도 강릉시 범일로 639(1층 내곡동)
본죽앤비빔밥,일반음식점,한식,강원특별자치도 강릉시 임영로 115(성내동)
본죽앤비빔밥cafe강릉입암점,일반음식점,한식,강원특별자치도 강릉시 성덕로 316-11(1층 입암동)
본죽유천점,일반음식점,한식,강원특별자치도 강릉시 선수촌로63번길 18-15(푸르벨라 2차 1층 101호 홍제동)
봉녀네밥집,일반음식점,한식,강원특별자치도 강릉시 명주로 31(용강동)
봉떡,일반음식점,한식,강원특별자치도 강릉시 주문진읍 향호리 8-17 주문진 해수욕장
봉팔삼춘젤라또,일반음식점,분식,강원특별자치도 강릉시 금성로13번길 1-1(금학동)
봉평막국수,일반음식점,한식,강원특별자치도 강릉시 연곡면 진고개로 1504(1층)
봉화산설렁탕교동점,일반음식점,한식,강원특별자치도 강릉시 율곡초교길 47(교동)
부기촌국밥,일반음식점,한식,강원특별자치도 강릉시 부기길 46-2(입암동)
부돈산,일반음식점,한식,강원특별자치도 강릉시 보래미하길65번길 20(1층 포남동)
부뚜막,일반음식점,한식,"강원특별자치도 강릉시 명륜로 95-8(1층 교동, 예성그린2차아파트)"
부부보쌈,일반음식점,한식,강원특별자치도 강릉시 중앙시장2길 10-3(1층 성남동)
부산식당,일반음식점,한식,강원특별자치도 강릉시 중앙시장길 22-1(성남동)
부산조방낙지,일반음식점,한식,강원특별자치도 강릉시 율곡초교길 23(1층 교동)
부성가든,일반음식점,한식,강원특별자치도 강릉시 강동면 안인일출길 17
부엉이포차,일반음식점,분식,강원특별자치도 강릉시 강릉대로443번길 24(포남동)
부연골,일반음식점,한식,강원특별자치도 강릉시 연곡면 진고개로 1013
부연동백숙,일반음식점,한식,강원특별자치도 강릉시 경강로2245번길 4(포남동)
부영메밀전,일반음식점,분식,강원특별자치도 강릉시 성덕포남로153번길 44(포남동)
부영식당,일반음식점,한식,강원특별자치도 강릉시 연곡면 연주로 40
부자대게식당,일반음식점,한식,강원특별자치도 강릉시 금성로5번길 1-3(2층 성남동)
부현,일반음식점,한식,강원특별자치도 강릉시 토성로123번길 11-1(홍제동)
북강릉진국설렁탕,일반음식점,한식,강원특별자치도 강릉시 연곡면 연주로 30(1층)
북청해장국,일반음식점,한식,강원특별자치도 강릉시 주문진읍 해안로 1760(1단지 4동)
분식1번지,일반음식점,분식,강원특별자치도 강릉시 중앙시장2길 40(1층 성남동)
불개미식당,일반음식점,분식,강원특별자치도 강릉시 중앙시장1길 8(성남동)
불닭발동대문엽기떡볶이,일반음식점,분식,강원특별자치도 강릉시 솔올로 66(교동)
불닭발땡초동대문엽기떡볶이 강릉옥천점,일반음식점,분식,강원특별자치도 강릉시 경강로 2150(옥천동)
불타는대패삼겹살,일반음식점,한식,강원특별자치도 강릉시 주문진읍 연주로 261-1(1층)
불향쭈꾸미볶음,일반음식점,한식,강원특별자치도 강릉시 중앙시장3길 15-2(성남동)
브라보칼국수,일반음식점,한식,강원특별자치도 강릉시 창해로 27(2층 견소동)
브이브이호텔식당,일반음식점,한식,강원특별자치도 강릉시 하슬라로192번길 22-1(교동)
비노에올리바,일반음식점,한식,강원특별자치도 강릉시 임영로163번길 9(101호 홍제동)
비비큐강릉라카이리조트 야외풀점,일반음식점,분식,강원특별자치도 강릉시 해안로 536(안현동)
비빔상회,일반음식점,한식,강원특별자치도 강릉시 해안로 292(4호 강문동)
비에이치씨초당점,일반음식점,한식,강원특별자치도 강릉시 연당길 78(1층 초당동)
비에치씨세인트존스점,일반음식점,한식,강원특별자치도 강릉시 창해로 307(세인트존스호텔 파인동 6층 강문동)
빈이네김밥,일반음식점,분식,강원특별자치도 강릉시 토성로 182(1층 임당동)
빙고주막,일반음식점,한식,강원특별자치도 강릉시 임영로 45-1(노암동)
빛고을식당,일반음식점,한식,강원특별자치도 강릉시 창해로 473(1층 104호 강문동)
빡가네갈비후라이강릉점,일반음식점,한식,강원특별자치도 강릉시 강릉대로 285(120호 교동)
빨간보자기밥집,일반음식점,한식,강원특별자치도 강릉시 산양큰길 8(1층 포남동)
빨강돈가스,일반음식점,한식,강원특별자치도 강릉시 지변길 49(지변동)
뼈장군,일반음식점,한식,강원특별자치도 강릉시 관대길15번길 10(내곡동)
뿅가곱창,일반음식점,한식,강원특별자치도 강릉시 관대길 69(강부아파트상가동 1층 2호 내곡동)
삐딱집,일반음식점,한식,강원특별자치도 강릉시 강동면 헌화로 778(1층)
사거리맛집,일반음식점,분식,강원특별자치도 강릉시 주문진읍 주문북로 7(외 1필지308-23)
사계절쌈밥보리밥,일반음식점,한식,강원특별자치도 강릉시 중기길 29(옥천동)
사계절탕수육,일반음식점,분식,강원특별자치도 강릉시 범일로579번길 6(내곡동)
사노라면,일반음식점,한식,강원특별자치도 강릉시 주문진읍 중앙골목길 23-2
사랑왕순대집,일반음식점,한식,강원특별자치도 강릉시 주문진읍 시장길 37
사주카페싱글앤커플,일반음식점,한식,강원특별자치도 강릉시 하슬라로206번길 7-4(1층 교동)
사천닭내장탕,일반음식점,한식,강원특별자치도 강릉시 사천면 본동길 6
사천면옥,일반음식점,분식,강원특별자치도 강릉시 사천면 방동길 5
사천미락식당,일반음식점,한식,강원특별자치도 강릉시 사천면 방동길 35
사천샘골식당,일반음식점,한식,강원특별자치도 강릉시 사천면 진리항구길 2
사천소머리국밥,일반음식점,한식,강원특별자치도 강릉시 사천면 방동길 43
사천전주식당,일반음식점,한식,강원특별자치도 강릉시 사천면 진리항구길 54(1층)
사천집,일반음식점,한식,강원특별자치도 강릉시 주문진읍 구시장길 11-1
산골아저씨,일반음식점,한식,강원특별자치도 강릉시 월대산로 7(입암동)
산과바다주문진리조트JR,일반음식점,한식,강원특별자치도 강릉시 주문진읍 해안로 2070
산내음식당,일반음식점,한식,강원특별자치도 강릉시 경강로2291번길 10(포남동)
산두꺼비식당,일반음식점,한식,강원특별자치도 강릉시 남구길18번길 36(포남동)
산마루쌈밥,일반음식점,한식,강원특별자치도 강릉시 주문진읍 신리길 8
산마루황태촌,일반음식점,한식,강원특별자치도 강릉시 주문진읍 신리천로 15-1
산마루황태촌초당직영점,일반음식점,한식,강원특별자치도 강릉시 연당길 112(1층 초당동)
산마을,일반음식점,한식,강원특별자치도 강릉시 가작로 16(교동)
산악집,일반음식점,한식,강원특별자치도 강릉시 왕산면 왕산로 23-14
산야초,일반음식점,한식,강원특별자치도 강릉시 옥계면 현내시장길 61
산에언덕에,일반음식점,한식,강원특별자치도 강릉시 연곡면 진고개로 1016
산우리,일반음식점,한식,강원특별자치도 강릉시 초당원길 35(초당동)
산이장칼국수,일반음식점,분식,강원특별자치도 강릉시 성덕포남로188번길 18-1(포남동)
산전수전,일반음식점,분식,강원특별자치도 강릉시 성덕포남로 56(입암동)
산촌식당,일반음식점,한식,강원특별자치도 강릉시 성산면 구산길 83
산호막국수,일반음식점,분식,강원특별자치도 강릉시 사천면 해안로 904-9
삼거리집,일반음식점,한식,강원특별자치도 강릉시 남문길 38(남문동)
삼겹식당강릉송정점,일반음식점,한식,강원특별자치도 강릉시 경강로 2500(송정동)
삼교리동치미막국수,일반음식점,분식,강원특별자치도 강릉시 공항길127번길 42(1층 남항진동)
삼교리동치미막국수교동점,일반음식점,분식,강원특별자치도 강릉시 죽헌길 71(지변동)
삼교리동치미막국수본점,일반음식점,분식,강원특별자치도 강릉시 구정면 범일로 364
삼교리동치미막국수포남점,일반음식점,한식,강원특별자치도 강릉시 강릉대로457번길 6(1층 포남동)
삼교리원조동치미막국수,일반음식점,분식,강원특별자치도 강릉시 주문진읍 신리천로 760
삼미식당,일반음식점,한식,강원특별자치도 강릉시 주문진읍 시장길 49-4
삼백집기사님식당,일반음식점,한식,강원특별자치도 강릉시 주문진읍 신리천로 46
삼산감자탕,일반음식점,한식,강원특별자치도 강릉시 화부산로 120(교동)
삼삼해물찜,일반음식점,한식,강원특별자치도 강릉시 곶감전길 11-3(성남동)
삼성식당,일반음식점,한식,강원특별자치도 강릉시 주문진읍 구시장길 9
삼수갑산,일반음식점,한식,강원특별자치도 강릉시 강릉대로 369-7(포남동)
삼시세끼,일반음식점,한식,강원특별자치도 강릉시 원대로 24(교동)
삼우옹심이,일반음식점,분식,강원특별자치도 강릉시 공항길 35(병산동)
삼원손칼국수,일반음식점,분식,강원특별자치도 강릉시 남구길10번길 6(포남동)
삼척집,일반음식점,분식,강원특별자치도 강릉시 금성로5번길 12(1층 1호 성남동)
삼첩분식,일반음식점,분식,강원특별자치도 강릉시 주문진읍 신리천로 56(1층)
삼포암쉼터,일반음식점,한식,강원특별자치도 강릉시 성산면 부동길 6
상부추어탕,일반음식점,한식,강원특별자치도 강릉시 강변로 180-1(내곡동)
상호네,일반음식점,한식,강원특별자치도 강릉시 주문진읍 해안로 1747-1
새신일기사식당,일반음식점,한식,강원특별자치도 강릉시 가작로 283(1층 포남동)
샌드파인골프클럽스타트하우스,일반음식점,한식,강원특별자치도 강릉시 저동등길 53(저동)
샌드파인골프클럽아웃코스그늘집,일반음식점,한식,강원특별자치도 강릉시 저동등길 53(저동)
샌드파인골프클럽인코스그늘집,일반음식점,한식,강원특별자치도 강릉시 저동등길 53(저동)
샘골보리밥,일반음식점,한식,강원특별자치도 강릉시 연당길 9(포남동)
샘골식당,일반음식점,한식,강원특별자치도 강릉시 성산면 성연로 182
샘터휴게실,일반음식점,한식,강원특별자치도 강릉시 왕산면 백두대간로 1410
샘터흑염소,일반음식점,한식,강원특별자치도 강릉시 안현로 39-34(안현동)
생바지락칼제비,일반음식점,분식,강원특별자치도 강릉시 하슬라로206번길 11-11(교동)
생수식당,일반음식점,한식,강원특별자치도 강릉시 연곡면 진고개로 1063
샤브향강릉입암점,일반음식점,한식,강원특별자치도 강릉시 성덕포남로 72(입암동)
서당골산채,일반음식점,한식,강원특별자치도 강릉시 임영로164번길 3(임당동)
서부시장,일반음식점,한식,강원특별자치도 강릉시 임영로155번길 1(용강동)
서부옹달샘식당,일반음식점,한식,강원특별자치도 강릉시 임영로155번길 6(용강동)
서소문보리밥,일반음식점,한식,강원특별자치도 강릉시 하평4길 48(포남동)
서울도가니사골곰탕 강릉본점,일반음식점,한식,강원특별자치도 강릉시 가작로 304(1층 포남동)
서울식당,일반음식점,한식,강원특별자치도 강릉시 창해로 473(강문동)
서울식당,일반음식점,한식,강원특별자치도 강릉시 주문진읍 시장길 55-2(1층)
서지가마솥설렁탕전문점,일반음식점,한식,강원특별자치도 강릉시 난곡길76번길 17(난곡동)
서지초가뜰,일반음식점,한식,강원특별자치도 강릉시 난곡길76번길 43-8(난곡동)
서창산업옥계휴게소한식,일반음식점,한식,강원특별자치도 강릉시 옥계면 동해고속도로 320(1층)
석촌가,일반음식점,한식,강원특별자치도 강릉시 강동면 안인일출길 10-14
선경식당,일반음식점,한식,"강원특별자치도 강릉시 옥천로 48(옥천동,동부시장 1층 39호)"
선도식당,일반음식점,한식,강원특별자치도 강릉시 왕산면 노추산로 1359
선열해장국,일반음식점,한식,강원특별자치도 강릉시 중기1길 19(옥천동)
선우기사식당,일반음식점,한식,강원특별자치도 강릉시 하슬라로 27(홍제동)
선자령,일반음식점,한식,강원특별자치도 강릉시 하평길 66(포남동)
선지국밥,일반음식점,한식,강원특별자치도 강릉시 주문진읍 주문로 144
선채향,일반음식점,한식,강원특별자치도 강릉시 경강로2095번길 17(임당동)
선풍,일반음식점,한식,강원특별자치도 강릉시 율곡초교길43번길 8(교동)
선호라면,일반음식점,분식,강원특별자치도 강릉시 창해로362번길 5(강문동)
설렘덩크,일반음식점,한식,강원특별자치도 강릉시 해안로406번길 17(강문동)
섭과물망치,일반음식점,한식,강원특별자치도 강릉시 경강로2119번길 13-1(옥천동)
성남대운식당,일반음식점,한식,강원특별자치도 강릉시 중앙시장2길 10-3(1층 성남동)
성남맛집,일반음식점,한식,강원특별자치도 강릉시 금성로5번길 3(성남동)
성남장터,일반음식점,한식,강원특별자치도 강릉시 중앙시장길 13(성남동)
성남칼국수,일반음식점,분식,강원특별자치도 강릉시 중앙시장1길 10(성남동)
성산감자전,일반음식점,한식,강원특별자치도 강릉시 성산면 구산길 39
성산대구머리찜,일반음식점,한식,강원특별자치도 강릉시 하평4길 13(포남동)
성산면옥,일반음식점,분식,강원특별자치도 강릉시 성덕포남로 80-19(입암동)
성산밥집,일반음식점,분식,강원특별자치도 강릉시 성산면 구산길 49
성산설렁탕,일반음식점,한식,강원특별자치도 강릉시 성산면 구산길 93(가동 1층)
성산옛집,일반음식점,한식,강원특별자치도 강릉시 성산면 구산길 85
성산토속가든,일반음식점,한식,강원특별자치도 강릉시 성산면 구산안길 1
성수족발,일반음식점,한식,강원특별자치도 강릉시 범일로 628(내곡동)
성원닭내장,일반음식점,한식,강원특별자치도 강릉시 연화봉길 19(노암동)
성원대박집,일반음식점,분식,강원특별자치도 강릉시 중앙시장2길 39(성남동)
성화천식당,일반음식점,한식,강원특별자치도 강릉시 왕산면 백두대간로 1982
세미맛닭갈비,일반음식점,한식,강원특별자치도 강릉시 선수촌로63번길 30-7(1층 홍제동)
세화식당,일반음식점,한식,강원특별자치도 강릉시 남구길17번길 20(포남동)
소금강가는길목,일반음식점,한식,강원특별자치도 강릉시 연곡면 소금강길 294-19(1층)
소금강맛집,일반음식점,한식,강원특별자치도 강릉시 연곡면 소금강길 472
소금강메밀막국수,일반음식점,한식,강원특별자치도 강릉시 연곡면 소금강길 457
소금강산과친구,일반음식점,한식,강원특별자치도 강릉시 연곡면 소금강길 482(1~2층)
소금강추어탕,일반음식점,한식,강원특별자치도 강릉시 연곡면 진고개로 2313-4
소금강휴게소,일반음식점,한식,강원특별자치도 강릉시 연곡면 소금강길 470(1층)
소금강휴게소식당,일반음식점,한식,강원특별자치도 강릉시 연곡면 진고개로 1510
소나무가든,일반음식점,한식,강원특별자치도 강릉시 공항길29번길 28-1(1층 병산동)
소나무집초당순두부,일반음식점,한식,강원특별자치도 강릉시 초당순두부길 95-5(초당동)
소담낙지,일반음식점,한식,강원특별자치도 강릉시 경포로 489-10(1층 안현동)
소담촌,일반음식점,한식,강원특별자치도 강릉시 선수촌로 74(2층 홍제동)
소담푸드,일반음식점,한식,강원특별자치도 강릉시 강중길6번길 10(노암동)
소담흑염소,일반음식점,한식,강원특별자치도 강릉시 성덕포남로188번길 12(포남동)
소뜰가,일반음식점,한식,강원특별자치도 강릉시 율곡초교길39번길 16(1층 교동)
소락,일반음식점,한식,강원특별자치도 강릉시 선수촌로 64-19(104호 홍제동)
소리소문,일반음식점,한식,강원특별자치도 강릉시 주문진읍 장성로 63(1층)
소문난밥상,일반음식점,한식,강원특별자치도 강릉시 성덕포남로182번길 40(포남동)
소문난식당,일반음식점,한식,강원특별자치도 강릉시 금성로 21(2층 6호 성남동)
소문난이쁜이,일반음식점,한식,강원특별자치도 강릉시 옥천로 48(1층동 27호 옥천동)
소반,일반음식점,한식,강원특별자치도 강릉시 하슬라로232번길 7-12(교동)
소소한식탁,일반음식점,한식,강원특별자치도 강릉시 관대길36번길 1(내곡동)
소원을말해봐,일반음식점,분식,강원특별자치도 강릉시 남구길10번길 32(포남동)
소쿠리,일반음식점,분식,강원특별자치도 강릉시 문화의길7번길 8(임당동)
소확행,일반음식점,한식,강원특별자치도 강릉시 지변길 28(나동 1~2층 지변동)
손맛을담다,일반음식점,한식,강원특별자치도 강릉시 강동면 율곡로 2034(1층)
솔담,일반음식점,분식,강원특별자치도 강릉시 저동골길 10(저동)
솔바람감자전,일반음식점,분식,강원특별자치도 강릉시 공항길43번길 1(병산동)
솔바람텃골,일반음식점,한식,강원특별자치도 강릉시 주문진읍 주문로 112
솔밭추어탕,일반음식점,한식,강원특별자치도 강릉시 사천면 방동길 330
솔옥,일반음식점,한식,강원특별자치도 강릉시 중앙시장2길 10-4(성남동)
솔올부대찌개,일반음식점,한식,강원특별자치도 강릉시 하슬라로206번길 19-13(교동)
솔이네생선구이,일반음식점,한식,강원특별자치도 강릉시 주문진읍 해안로 1760(1단지1동)
솔이네쌈밥집,일반음식점,한식,강원특별자치도 강릉시 성덕포남로174번길 45(포남동)
솔잎향기식당,일반음식점,한식,강원특별자치도 강릉시 옥가로 38(옥천동)
솔지네관동대점,일반음식점,한식,강원특별자치도 강릉시 범일로579번길 29-7(내곡동)
솔지네식당,일반음식점,한식,강원특별자치도 강릉시 율곡로 2752(노암동)
솔향기추어탕,일반음식점,한식,강원특별자치도 강릉시 난설헌로78번길 38-5(포남동)
솔향대게,일반음식점,한식,강원특별자치도 강릉시 해안로 286(1층 강문동)
솔향미니식당,일반음식점,한식,강원특별자치도 강릉시 동부시장길 12(옥천동)
솔향식당,일반음식점,한식,강원특별자치도 강릉시 옥계면 금진솔밭길 104-32
솔향육개장,일반음식점,한식,강원특별자치도 강릉시 입암로 44(나동 1층 입암동)
솔향초당순두부,일반음식점,한식,강원특별자치도 강릉시 초당순두부길 67(초당동)
솔향축산셀프식당,일반음식점,한식,강원특별자치도 강릉시 유산로 60(유산동)
솔향한우곰탕,일반음식점,한식,강원특별자치도 강릉시 범일로 637(내곡동)
송가소머리국밥,일반음식점,한식,강원특별자치도 강릉시 강릉대로 267-1(교동)
송가원,일반음식점,한식,강원특별자치도 강릉시 옥계면 현내중길 18
송가촌,일반음식점,한식,강원특별자치도 강릉시 경강로2539번길 15(견소동)
송강식당,일반음식점,한식,강원특별자치도 강릉시 강릉대로443번길 19(포남동)
송도불향쭈꾸미,일반음식점,한식,강원특별자치도 강릉시 초당순두부길 51(초당동)
송림칼국수,일반음식점,한식,강원특별자치도 강릉시 사천면 가둔지길 12
송은닭내장,일반음식점,한식,강원특별자치도 강릉시 남구길24번길 33(포남동)
송이랑능이랑,일반음식점,한식,강원특별자치도 강릉시 연곡면 소금강길 469(1층)
송정갈비,일반음식점,한식,강원특별자치도 강릉시 경강로 2505(송정동)
송정불향쭈꾸미,일반음식점,한식,강원특별자치도 강릉시 창해로 85-13(2층 송정동)
송정뷔페백반,일반음식점,한식,강원특별자치도 강릉시 팔송길 6(2층 송정동)
송정추엌탕칼국수,일반음식점,분식,강원특별자치도 강릉시 강릉대로457번길 38(포남동)
송정해변막국수,일반음식점,분식,강원특별자치도 강릉시 창해로 267(강문동)
송죽원안인점,일반음식점,한식,강원특별자치도 강릉시 강동면 대동제방길 52(1층)
송죽원추어탕,일반음식점,한식,강원특별자치도 강릉시 난설헌로88번길 5(포남동)
송참숯갈비,일반음식점,한식,강원특별자치도 강릉시 범일로 654(남강빌딩 1층 101호 내곡동)
송천식당,일반음식점,한식,강원특별자치도 강릉시 연곡면 진고개로 777
송천휴게소식당,일반음식점,한식,강원특별자치도 강릉시 연곡면 진고개로 781-1(1층)
송촌,일반음식점,한식,강원특별자치도 강릉시 연곡면 영진3길 6-2
송촌,일반음식점,한식,강원특별자치도 강릉시 하평3길 44(포남동)
수미골,일반음식점,한식,강원특별자치도 강릉시 하슬라로206번길 19-16(교동)
수상한식당,일반음식점,한식,강원특별자치도 강릉시 강릉대로 302(1층 옥천동)
수작카츠앤드한스델리,일반음식점,한식,강원특별자치도 강릉시 대학길 10(2층 금학동)
수제만두,일반음식점,분식,강원특별자치도 강릉시 옥계면 현내시장길 73(1층)
숙성돈가,일반음식점,한식,강원특별자치도 강릉시 입암로148번길 22(입암동)
숙이매운탕,일반음식점,한식,강원특별자치도 강릉시 주문진읍 작은다리길 34
순남시래기강릉점,일반음식점,한식,강원특별자치도 강릉시 교동광장로100번길 17-3(101호 교동)
순덕이네식당,일반음식점,한식,강원특별자치도 강릉시 옥천로23번길 22(옥천동)
순두부짬뽕초당애,일반음식점,한식,강원특별자치도 강릉시 해안로 388(초당동)
순애닭오리마을,일반음식점,한식,강원특별자치도 강릉시 사임당로61번길 4-17(1층 홍제동)
순자네매운탕,일반음식점,한식,강원특별자치도 강릉시 남구길 21-1(포남동)
술푸마,일반음식점,한식,강원특별자치도 강릉시 주문진읍 작은다리길 5
숨긴뒷고기,일반음식점,한식,강원특별자치도 강릉시 옥천로62번길 17(교동)
숲속집,일반음식점,한식,강원특별자치도 강릉시 성산면 칠봉로 15-7
스마일식당,일반음식점,한식,강원특별자치도 강릉시 경강로2255번길 7(포남동)
스왓띠,일반음식점,한식,강원특별자치도 강릉시 임영로180번길 4(임당동)
스카이베이경포호텔쉘팩토리,일반음식점,한식,강원특별자치도 강릉시 해안로 476(스카이베이 경포호텔 1층 강문동)
스텔라떡볶이강원강릉역점,일반음식점,분식,강원특별자치도 강릉시 강릉대로 285(1층 119호 교동)
스텔라떡볶이강원강릉입암점,일반음식점,분식,강원특별자치도 강릉시 월대산로 59(6호 입암동)
스트릿,일반음식점,한식,강원특별자치도 강릉시 관대길36번길 2(2층 내곡동)
슬이네식당,일반음식점,한식,강원특별자치도 강릉시 옥천로 48(동부시장 1동 1층 50호 옥천동)
시골밥상,일반음식점,한식,강원특별자치도 강릉시 성산면 보현길 56-13
시골본가,일반음식점,한식,강원특별자치도 강릉시 금성로23번길 17-1(성남동)
시골순두부식당,일반음식점,한식,강원특별자치도 강릉시 해안로 517(안현동)
시골식당,일반음식점,한식,강원특별자치도 강릉시 강동면 헌화로 665-1
시골쌈밥,일반음식점,분식,강원특별자치도 강릉시 사천면 본동길 2-1
시골쌈집,일반음식점,한식,강원특별자치도 강릉시 중앙시장2길 6-3(성남동)
시골장칼국수,일반음식점,한식,강원특별자치도 강릉시 경강로2069번길 5(1층 임당동)
시골추어탕,일반음식점,한식,강원특별자치도 강릉시 샘물터길 7(교동)
시골칼국수,일반음식점,분식,"강원특별자치도 강릉시 옥천로 48(옥천동, 동부시장73호)"
시골할머니추어탕,일반음식점,한식,강원특별자치도 강릉시 성산면 솔밭길 16
시나미83,일반음식점,한식,강원특별자치도 강릉시 시루봉길 158-6(1층 난곡동)
시나미왕갈비탕,일반음식점,한식,강원특별자치도 강릉시 중앙시장3길 12(1층 성남동)
시루봉토종닭,일반음식점,분식,강원특별자치도 강릉시 저동등길 116(저동)
시인과바다,일반음식점,한식,강원특별자치도 강릉시 주문진읍 해안로 1887
식껍강릉점,일반음식점,한식,강원특별자치도 강릉시 임영로 7(노암동)
신대성식당,일반음식점,한식,강원특별자치도 강릉시 경강로2069번길 10(1층 임당동)
신리길16,일반음식점,한식,강원특별자치도 강릉시 주문진읍 신리길 16(1층)
신리면옥강릉점,일반음식점,분식,강원특별자치도 강릉시 하슬라로177번길 7(교동)
신리면옥주문진점,일반음식점,분식,강원특별자치도 강릉시 주문진읍 신리천로 82
신리면옥주문진점,일반음식점,분식,강원특별자치도 강릉시 주문진읍 신리천로 84
신선그린가든,일반음식점,한식,강원특별자치도 강릉시 성산면 백두대간로 2777
신선생선구이,일반음식점,한식,강원특별자치도 강릉시 주문진읍 해안로 1817-1
신성기사식당,일반음식점,한식,강원특별자치도 강릉시 강릉대로 98(홍제동)
신성원식당,일반음식점,한식,강원특별자치도 강릉시 율곡로 2880(교동)
신신분식,일반음식점,분식,강원특별자치도 강릉시 강릉대로 336(포남동)
신아우라지식당,일반음식점,한식,강원특별자치도 강릉시 중앙시장1길 13(성남동)
신우성식당,일반음식점,한식,강원특별자치도 강릉시 하슬라로206번길 3-13(교동)
신촌장칼국수,일반음식점,분식,강원특별자치도 강릉시 경강로2255번길 8(포남동)
신행복식당,일반음식점,한식,강원특별자치도 강릉시 경강로2291번길 4(포남동)
신행복포차,일반음식점,한식,강원특별자치도 강릉시 옥가로50번길 3(옥천동)
신흥소머리국밥,일반음식점,한식,강원특별자치도 강릉시 경강로2119번길 13(옥천동)
실롬,일반음식점,분식,강원특별자치도 강릉시 경강로 2029(명주동)
실비생선구이2호점,일반음식점,한식,강원특별자치도 강릉시 주문진읍 해안로 1727(2층)
실비생선구이3호점,일반음식점,한식,강원특별자치도 강릉시 주문진읍 해안로 1723(10동 1층 103호)
실비집,일반음식점,한식,강원특별자치도 강릉시 임영로 159(용강동)
심곡쉼터,일반음식점,한식,강원특별자치도 강릉시 강동면 헌화로 665-4
심곡오미막국수,일반음식점,한식,강원특별자치도 강릉시 강동면 헌화로 659-3(1층)
심곡홍가네식당,일반음식점,한식,강원특별자치도 강릉시 강동면 헌화로 653
심춘옥청국장,일반음식점,한식,강원특별자치도 강릉시 하평4길 43(1층 포남동)
십이월육일,일반음식점,분식,강원특별자치도 강릉시 관대길36번길 5(내곡동)
싱글벙글찜,일반음식점,한식,강원특별자치도 강릉시 옥천로61번길 22(옥천동)
싸다아구찜&탕,일반음식점,한식,강원특별자치도 강릉시 중기길 4(1층 포남동)
싸움의고수강릉포남점,일반음식점,한식,강원특별자치도 강릉시 경강로 2244(1층 포남동)
쌈채수끼샤브샤브,일반음식점,한식,강원특별자치도 강릉시 하슬라로206번길 16-1(교동)
쌈촌&추어탕,일반음식점,한식,강원특별자치도 강릉시 주문진읍 해안2길 6
쌍둥이네보리밥,일반음식점,한식,강원특별자치도 강릉시 주문진읍 연주로 446
쌍둥이식당,일반음식점,한식,강원특별자치도 강릉시 옥계면 생골길 65-8
썬소주방,일반음식점,분식,강원특별자치도 강릉시 옥천로19번길 16(옥천동)
썬한식,일반음식점,한식,강원특별자치도 강릉시 강동면 율곡로 1167
썸얼,일반음식점,한식,강원특별자치도 강릉시 경포로 20-1(교동)
쎄지엠,일반음식점,한식,강원특별자치도 강릉시 연당길 110-1(101호 초당동)
쏙만두강릉점,일반음식점,분식,강원특별자치도 강릉시 율곡로2692번길 56(입암동)
쑥고개토종닭,일반음식점,한식,강원특별자치도 강릉시 성산면 지암길 155-6(1층)
쓰이네,일반음식점,한식,강원특별자치도 강릉시 용지로 118(1층 포남동)
아구듬뿍앤알곤마니,일반음식점,한식,강원특별자치도 강릉시 하평3길 48(1층 포남동)
아궁이,일반음식점,한식,강원특별자치도 강릉시 강릉대로457번길 11(1층 포남동)
아궁이식당,일반음식점,한식,강원특별자치도 강릉시 주문진읍 중앙골목길 20
아리랑마을,일반음식점,한식,강원특별자치도 강릉시 사천면 미노길 69-1
아미고스,일반음식점,한식,강원특별자치도 강릉시 지변길 28(지변동)
아비꼬,일반음식점,한식,강원특별자치도 강릉시 금성로56번길 6(1층 금학동)
아빠의주방,일반음식점,한식,"강원특별자치도 강릉시 율곡로2692번길 14(1층 101,102호 입암동)"
아삭,일반음식점,분식,강원특별자치도 강릉시 중앙시장1길 16(1층 성남동)
아우라지식당,일반음식점,한식,강원특별자치도 강릉시 범일로 516-3(내곡동)
아우라지식당,일반음식점,한식,강원특별자치도 강릉시 강중길 24(입암동)
아저씨네닭도리탕,일반음식점,한식,강원특별자치도 강릉시 남산초교길12번길 46(내곡동)
아침찬,일반음식점,한식,강원특별자치도 강릉시 모산로209번길 35-19(1층 장현동)
아침해,일반음식점,분식,"강원특별자치도 강릉시 옥천로 48(79호 옥천동,동부시장 1층)"
안동국밥.곰탕 주문진점,일반음식점,한식,강원특별자치도 강릉시 주문진읍 주문로 31(1층)
안땔골식당,일반음식점,한식,강원특별자치도 강릉시 임영로 41-1(노암동)
안목愛,일반음식점,한식,강원특별자치도 강릉시 창해로14번길 34(견소동)
안목바다식당,일반음식점,한식,강원특별자치도 강릉시 성덕로 148(병산동)
안목수구레국밥,일반음식점,한식,강원특별자치도 강릉시 창해로2번길 28(견소동)
안목식당,일반음식점,한식,강원특별자치도 강릉시 경강로 2645(견소동)
안목항물회,일반음식점,한식,강원특별자치도 강릉시 경강로 2609(견소동)
안스게장,일반음식점,한식,강원특별자치도 강릉시 경강로 2533(송정동)
안인우리밥상,일반음식점,한식,강원특별자치도 강릉시 강동면 안인일출길 30
안주가강릉교동점,일반음식점,한식,강원특별자치도 강릉시 하슬라로206번길 20-5(1층 교동)
안현가,일반음식점,한식,"강원특별자치도 강릉시 창해로350번길 23(1,2층 강문동)"
알뜨레맛집,일반음식점,한식,강원특별자치도 강릉시 옥천로 48(동부시장 1층 85호 옥천동)
알찬대게,일반음식점,한식,강원특별자치도 강릉시 주문진읍 신리천로 29
암사직화쪽갈비강릉점,일반음식점,한식,강원특별자치도 강릉시 성덕포남로168번길 47(1층 포남동)
압구정제주집,일반음식점,한식,강원특별자치도 강릉시 율곡초교길 5(교동)
애경부침,일반음식점,분식,강원특별자치도 강릉시 중앙시장1길 8(1층 성남동)
야미식당,일반음식점,한식,강원특별자치도 강릉시 강릉대로 171(교동)
야식의정석,일반음식점,한식,강원특별자치도 강릉시 정원로 78-12(1층 교동)
야식철가방,일반음식점,분식,강원특별자치도 강릉시 중기길 4(포남동)
야행,일반음식점,한식,강원특별자치도 강릉시 하슬라로206번길 24-12(1층 교동)
야화,일반음식점,한식,강원특별자치도 강릉시 주문진읍 주문로 40-1(1층)
얌샘김밥강릉유천점,일반음식점,분식,강원특별자치도 강릉시 선수촌로 67(1층 103호 홍제동)
얌샘김밥내곡점,일반음식점,분식,강원특별자치도 강릉시 범일로 630(내곡동)
얌샘김밥주문진점,일반음식점,분식,강원특별자치도 강릉시 주문진읍 연주로 300-1(1층)
양마니명동찌개마을강릉포남점,일반음식점,한식,강원특별자치도 강릉시 하평4길 29(1층 포남동)
양마니명동찌개마을내곡점,일반음식점,한식,강원특별자치도 강릉시 남부로17번길 17-1(1층 내곡동)
양마니명동찌개마을입암점,일반음식점,한식,"강원특별자치도 강릉시 입암로 157(입암동,외 1필지)"
양지,일반음식점,한식,강원특별자치도 강릉시 토성로 192(옥천동)
양지가마솥쌈밥,일반음식점,한식,강원특별자치도 강릉시 경강로2302번길 3(포남동)
양지뜰식당,일반음식점,한식,강원특별자치도 강릉시 임영로163번길 9(1층 홍제동)
양지막국수,일반음식점,분식,강원특별자치도 강릉시 안현로 30(안현동)
양지식당,일반음식점,한식,강원특별자치도 강릉시 율곡로 2946(교동)
양평식당,일반음식점,한식,강원특별자치도 강릉시 주문진읍 항구2길 8(1층)
양평콩나물국밥,일반음식점,한식,"강원특별자치도 강릉시 강변로 270(101동 103호 노암동, 신화아파트)"
양평해장국 강릉점,일반음식점,한식,강원특별자치도 강릉시 사임당로 131-1(지하1층 101호 홍제동)
양푼일번지,일반음식점,한식,강원특별자치도 강릉시 율곡로 2760-1(3층 노암동)
어림지,일반음식점,한식,강원특별자치도 강릉시 강릉대로 340(포남동)
어머니밥상,일반음식점,한식,강원특별자치도 강릉시 강동면 헌화로 1096-1
어메야,일반음식점,한식,강원특별자치도 강릉시 하슬라로232번길 7-9(교동)
어부네코다리강릉내곡점,일반음식점,한식,강원특별자치도 강릉시 남부로17번길 17(1층 내곡동)
어부지리,일반음식점,한식,강원특별자치도 강릉시 용지로 148(1층 102호 옥천동)
어부촌,일반음식점,한식,강원특별자치도 강릉시 주문진읍 신리천로 27(1층)
어성골실내포장마차,일반음식점,한식,강원특별자치도 강릉시 금성로5번길 6(성남동)
어야네,일반음식점,한식,강원특별자치도 강릉시 임영로 54(노암동)
어울림밥퍼식당,일반음식점,한식,강원특별자치도 강릉시 강릉대로457번길 13(1층 포남동)
어촌뉴딜,일반음식점,한식,강원특별자치도 강릉시 주문진읍 주문리 791-46
언덕위에일번지,일반음식점,한식,강원특별자치도 강릉시 성덕포남로182번길 7(포남동)
얼큰이,일반음식점,한식,강원특별자치도 강릉시 관대길15번길 11(내곡동)
엄니밥집,일반음식점,한식,강원특별자치도 강릉시 사천면 방동길 43(1층)
엄마손막국수,일반음식점,분식,강원특별자치도 강릉시 운정길 40(난곡동)
엄마손맛집,일반음식점,한식,강원특별자치도 강릉시 주문진읍 작은다리길 32
엄마순대,일반음식점,한식,강원특별자치도 강릉시 옥계면 현내시장길 51
엄마여기,일반음식점,분식,강원특별자치도 강릉시 신대학길 17(1층 118호 금학동)
엉클76,일반음식점,한식,강원특별자치도 강릉시 토성로 190(1층 옥천동)
에스앤씨펩시카페안목살롱,일반음식점,한식,강원특별자치도 강릉시 창해로 31(견소동)
에이치클라쓰,일반음식점,분식,강원특별자치도 강릉시 선수촌로 70(JS빌딩 1층 102호 홍제동)
엘사의아지트,일반음식점,한식,강원특별자치도 강릉시 하평3길 16(지하층 포남동)
여고시절떡볶이,일반음식점,분식,강원특별자치도 강릉시 신대학길 22(금학동)
여기다식당,일반음식점,한식,강원특별자치도 강릉시 남부로17번길 39(1층 내곡동)
여기어때?,일반음식점,한식,강원특별자치도 강릉시 가작로 85-1(상가동 202호 교동)
여왕개미식당,일반음식점,한식,강원특별자치도 강릉시 금성로23번길 4(성남동)
여왕숯불갈비,일반음식점,한식,강원특별자치도 강릉시 율곡초교길39번길 19-2(교동)
여우애김밥강릉송정점,일반음식점,한식,강원특별자치도 강릉시 경강로2539번길 13(1층 104호 견소동)
여포갈비,일반음식점,한식,강원특별자치도 강릉시 하평길 64(포남동)
연곡꾹저구탕,일반음식점,한식,강원특별자치도 강릉시 연곡면 진고개로 2679
연곡면옥,일반음식점,분식,강원특별자치도 강릉시 연곡면 남평길 17
연곡보리밥집,일반음식점,한식,강원특별자치도 강릉시 연곡면 송림버당길 7
연곡식당,일반음식점,한식,강원특별자치도 강릉시 연곡면 연주로 33
연곡유정오리,일반음식점,한식,강원특별자치도 강릉시 연곡면 성안길 49(1층)
연곡이모네,일반음식점,한식,강원특별자치도 강릉시 연곡면 진고개로 2725-1
연곡전주식당,일반음식점,한식,강원특별자치도 강릉시 연곡면 진고개로 2726-6
연남물갈비강릉노암점,일반음식점,한식,강원특별자치도 강릉시 임영로 70-1(노암동)
연자네보리밥,일반음식점,한식,"강원특별자치도 강릉시 강릉대로 463(7호,8호 포남동)"
연화마을,일반음식점,한식,강원특별자치도 강릉시 강동면 풍호길 100-1
열정곱창,일반음식점,분식,강원특별자치도 강릉시 주문진읍 시장길 39(1층)
열정국밥,일반음식점,한식,강원특별자치도 강릉시 율곡초교길43번길 14(교동)
염가네꼬막무침,일반음식점,한식,강원특별자치도 강릉시 옥천로 48(동부시장 1층 107호 옥천동)
영동막국수,일반음식점,분식,강원특별자치도 강릉시 창해로 85-40(1층 송정동)
영동의정부부대찌개,일반음식점,한식,강원특별자치도 강릉시 옥계면 현내시장길 62
영미네부침,일반음식점,한식,강원특별자치도 강릉시 중앙시장1길 15-1(성남동)
영세감자탕,일반음식점,한식,강원특별자치도 강릉시 원대로 29(교동)
영진돈,일반음식점,한식,강원특별자치도 강릉시 연곡면 홍질목길 12(1층 204호 영진 코아루비치테라스)
영진보리밥쌈밥,일반음식점,한식,강원특별자치도 강릉시 연곡면 영진길 28
영진식당,일반음식점,한식,강원특별자치도 강릉시 은행나무길 5(옥천동)
영진항,일반음식점,한식,강원특별자치도 강릉시 주문진읍 신리천로 11
영푸드,일반음식점,한식,강원특별자치도 강릉시 하슬라로232번길 13-13(1층 교동)
영흥야식,일반음식점,한식,강원특별자치도 강릉시 토성로 189-1(옥천동)
예당,일반음식점,한식,강원특별자치도 강릉시 성덕로 97(1층 병산동)
예림식당,일반음식점,분식,강원특별자치도 강릉시 강릉대로457번길 12(포남동)
예향막국수,일반음식점,분식,강원특별자치도 강릉시 공항길 12(병산동)
옛길가든화정,일반음식점,한식,강원특별자치도 강릉시 성산면 대관령옛길 119
옛길만나가든,일반음식점,한식,강원특별자치도 강릉시 성산면 대관령옛길 136
옛길맛집,일반음식점,한식,강원특별자치도 강릉시 성산면 대관령옛길 106(1층)
옛날식당,일반음식점,한식,강원특별자치도 강릉시 용지각길 13(포남동)
옛날집,일반음식점,한식,강원특별자치도 강릉시 강동면 헌화로 1049
옛날집추어탕,일반음식점,한식,강원특별자치도 강릉시 칠성로 623(노암동)
옛날초당순두부,일반음식점,한식,강원특별자치도 강릉시 운정길 141(운정동)
옛날추어탕,일반음식점,한식,강원특별자치도 강릉시 송정길 12(송정동)
옛빙그레,일반음식점,한식,강원특별자치도 강릉시 임영로116번안길 12(금학동)
옛우리식당,일반음식점,한식,강원특별자치도 강릉시 경강로2095번길 5(임당동)
옛진고개식당,일반음식점,한식,강원특별자치도 강릉시 경강로2103번길 15-2(임당동)
옛초당만두식당,일반음식점,한식,강원특별자치도 강릉시 연당길 78(초당동)
옛카나리아,일반음식점,한식,강원특별자치도 강릉시 성산면 구산길 72-1
옛카네이션,일반음식점,한식,강원특별자치도 강릉시 성산면 구산길 32
오감만족본점,일반음식점,한식,강원특별자치도 강릉시 경강로2267번길 18(포남동)
오남이네,일반음식점,한식,강원특별자치도 강릉시 성산면 구산길 66
오뉴월,일반음식점,분식,강원특별자치도 강릉시 남문길 9(1층 남문동)
오늘도김밥,일반음식점,분식,강원특별자치도 강릉시 주문진읍 매맥이아랫길 14-3
오늘반찬,일반음식점,한식,강원특별자치도 강릉시 가작로 71(상가동 105호 교동)
오다가다,일반음식점,한식,강원특별자치도 강릉시 옥계면 옥계로 738(1층)
오대산송이토종닭,일반음식점,한식,강원특별자치도 강릉시 연곡면 부연동길 15
오떡후강릉점,일반음식점,분식,강원특별자치도 강릉시 강릉대로194번길 11-2(1층 임당동)
오뚜기식당,일반음식점,한식,강원특별자치도 강릉시 산양길 10(포남동)
오렌지푸드시스템,일반음식점,한식,강원특별자치도 강릉시 강동면 율곡로 2005-14(1층)
오로지김밥카페,일반음식점,분식,강원특별자치도 강릉시 사천면 중앙서로 92-104
오리야식,일반음식점,한식,강원특별자치도 강릉시 주문진읍 주문로 133-1
오무라안,일반음식점,한식,강원특별자치도 강릉시 성덕포남로188번길 27(포남동)
오병이어식당,일반음식점,한식,강원특별자치도 강릉시 보래미하길 97(포남동)
오복맛집,일반음식점,한식,강원특별자치도 강릉시 옥가로58번길 2(옥천동)
오복이네,일반음식점,한식,강원특별자치도 강릉시 주문진읍 구시장길 3-1
오봉능이백숙,일반음식점,한식,강원특별자치도 강릉시 성산면 오봉서원길 55
오봉막국수,일반음식점,분식,강원특별자치도 강릉시 성산면 칠봉로 16
오봉이해물칼국수,일반음식점,분식,강원특별자치도 강릉시 창해로 461(해안상가A-1 2층 강문동)
오봉집강원강릉점,일반음식점,한식,강원특별자치도 강릉시 솔올로 71(1층 교동)
오부장족발보쌈,일반음식점,한식,"강원특별자치도 강릉시 하평3길 37(상가동 1층 101호 포남동, 일송아파트)"
오블리제,일반음식점,분식,강원특별자치도 강릉시 화부산로 140(교동)
오색식당,일반음식점,한식,"강원특별자치도 강릉시 옥천로 48(옥천동,동부시장1층 102호)"
오색자연산민물장어민물매운탕,일반음식점,한식,강원특별자치도 강릉시 남구길11번길 1(포남동)
오성관,일반음식점,한식,강원특별자치도 강릉시 남항진동 113-2 2층 37호
오션스파,일반음식점,한식,강원특별자치도 강릉시 연곡면 연주로 234
오션시티함바식당,일반음식점,한식,강원특별자치도 강릉시 경강로2539번길 33(1층 송정동)
오솔길식당,일반음식점,한식,강원특별자치도 강릉시 토성로123번길 3(홍제동)
오아시스찜질방구내식당,일반음식점,한식,강원특별자치도 강릉시 솔올로5번길 53(교동)
오월의초당,일반음식점,한식,강원특별자치도 강릉시 난설헌로 234-5(초당동)
오죽한우림,일반음식점,한식,강원특별자치도 강릉시 난설헌로78번길 38-1(1~2층 포남동)
오징어불고기,일반음식점,한식,강원특별자치도 강릉시 명륜로 129(1층 포남동)
오채연,일반음식점,한식,강원특별자치도 강릉시 성산면 칠봉로 26-45
옥거리마을관리사회적협동조합,일반음식점,한식,강원특별자치도 강릉시 수문길13번길 17-2(옥천동)
옥계감나무식당,일반음식점,한식,강원특별자치도 강릉시 옥계면 동해대로 310
옥계두메산골,일반음식점,한식,강원특별자치도 강릉시 옥계면 현내시장길 68
옥계찐빵,일반음식점,분식,강원특별자치도 강릉시 옥계면 현내중길 1
옥계코다리,일반음식점,한식,강원특별자치도 강릉시 옥계면 현내시장길 68
옥래식당,일반음식점,한식,강원특별자치도 강릉시 남구길30번길 12(포남동)
옥상달빛,일반음식점,한식,강원특별자치도 강릉시 관대길 30(내곡동)
옥천낙지,일반음식점,한식,강원특별자치도 강릉시 수문길21번길 11(옥천동)
옥천대박식당,일반음식점,한식,강원특별자치도 강릉시 중기1길 4-1(옥천동)
옥천보리밥집,일반음식점,한식,강원특별자치도 강릉시 경강로2115번길 16-1(옥천동)
온도,일반음식점,한식,강원특별자치도 강릉시 선수촌로63번길 22-8(1층 홍제동)
옴니버스,일반음식점,한식,강원특별자치도 강릉시 관대길 33(내곡동)
옹막상회,일반음식점,한식,강원특별자치도 강릉시 중기2길 11(옥천동)
옹심이중국집,일반음식점,한식,강원특별자치도 강릉시 공항길 28(병산동)
와와튀김전문점,일반음식점,한식,강원특별자치도 강릉시 중앙시장3길 22-1(성남동)
와이앤지,일반음식점,한식,강원특별자치도 강릉시 경포로475번길 41(안현동)
완선섭국,일반음식점,한식,강원특별자치도 강릉시 경강로2255번길 20(포남동)
왕궁대게킹,일반음식점,한식,강원특별자치도 강릉시 해안로 280(1층 2호 강문동)
왕릉식당,일반음식점,한식,강원특별자치도 강릉시 성산면 삼왕길 192
왕바우식당,일반음식점,한식,강원특별자치도 강릉시 연곡면 진고개로 1142
왕바우아구찜,일반음식점,한식,강원특별자치도 강릉시 사임당로107번길 11(홍제동)
왕산골식당,일반음식점,한식,강원특별자치도 강릉시 옥천로 48(동부시장 32~33호 옥천동)
왕솔밭칼국수,일반음식점,한식,강원특별자치도 강릉시 주문진읍 구시장길 11(1층)
왕초신불닭,일반음식점,한식,강원특별자치도 강릉시 홍제로 50(홍제동)
외가집,일반음식점,한식,강원특별자치도 강릉시 임영로116번안길 10(1층 금학동)
외갓집밥,일반음식점,한식,강원특별자치도 강릉시 강릉대로 343(1층 포남동)
요맛디저트/만나커피,일반음식점,분식,강원특별자치도 강릉시 신대학길 39-2(1층 금학동)
용강고향집,일반음식점,한식,강원특별자치도 강릉시 수문길33번길 25(옥천동)
용강옛날집,일반음식점,한식,"강원특별자치도 강릉시 임영로155번길 6(용강동,서부시장 1층 5,6,8호)"
용보쌈,일반음식점,한식,강원특별자치도 강릉시 하슬라로232번길 8(교동)
용봉식당,일반음식점,한식,강원특별자치도 강릉시 경강로2268번길 4(포남동)
용비집,일반음식점,한식,강원특별자치도 강릉시 하슬라로206번길 8-9(교동)
용삼이네,일반음식점,한식,강원특별자치도 강릉시 주문진읍 구시장길 6
용소집,일반음식점,한식,강원특별자치도 강릉시 주문진읍 구시장길 3-3
용우동,일반음식점,분식,강원특별자치도 강릉시 범일로579번길 21(내곡동)
용우동강릉역점,일반음식점,분식,강원특별자치도 강릉시 용지로 176(강릉역 교동)
용우동유천점,일반음식점,분식,강원특별자치도 강릉시 선수촌로 79-7(106호 홍제동)
용우동중앙점,일반음식점,한식,강원특별자치도 강릉시 금성로56번길 7(금학동)
용장군,일반음식점,한식,강원특별자치도 강릉시 성덕포남로188번길 34(포남동)
용추골미궁순대,일반음식점,한식,강원특별자치도 강릉시 정원로 73-8(교동)
우동식당,일반음식점,한식,강원특별자치도 강릉시 용지각길8번길 3-2(포남동)
우란장례식장,일반음식점,한식,"강원특별자치도 강릉시 옥가로 30(옥천동,외5필지)"
우리다강릉역점,일반음식점,한식,강원특별자치도 강릉시 강릉대로 298(1층 옥천동)
우리식당,일반음식점,한식,강원특별자치도 강릉시 용지각길 27(포남동)
우리집밥,일반음식점,한식,강원특별자치도 강릉시 하슬라로232번길 13-6(교동)
우리한우상회,일반음식점,한식,강원특별자치도 강릉시 선수촌로63번길 30-10(1층 101호 홍제동)
우미관강릉본점,일반음식점,한식,강원특별자치도 강릉시 남부로 170(노암동)
우석정,일반음식점,한식,강원특별자치도 강릉시 강동면 시동서당길 113
우성식당,일반음식점,한식,강원특별자치도 강릉시 옥천로 48(동부시장 1층 105호 옥천동)
우오동뎅,일반음식점,분식,강원특별자치도 강릉시 선수촌로 79-15(1층 109호 홍제동)
운유식당,일반음식점,한식,강원특별자치도 강릉시 왕산면 안반데기길 428
울릉도며느리,일반음식점,한식,강원특별자치도 강릉시 초당원길 56(2호 초당동)
울엄마양평해장국,일반음식점,한식,강원특별자치도 강릉시 경강로 2524(1층 송정동)
워니식당,일반음식점,한식,강원특별자치도 강릉시 선수촌로63번길 18-10(홍제동)
원스넥,일반음식점,분식,강원특별자치도 강릉시 주문진읍 장성로 51
원영생선구이,일반음식점,한식,강원특별자치도 강릉시 주문진읍 해안3길 24(1층)
원인숙고성생선찜,일반음식점,한식,강원특별자치도 강릉시 성덕포남로 56(입암동)
원조민속초당순두부,일반음식점,한식,강원특별자치도 강릉시 운정길 129(운정동)
원조소문난부대찌개전문,일반음식점,한식,강원특별자치도 강릉시 동부시장길 19(옥천동)
원조식당,일반음식점,한식,강원특별자치도 강릉시 임영로155번길 7-1(용강동)
원조집,일반음식점,한식,강원특별자치도 강릉시 주문진읍 해안로 1760(1단지1동)
원조초당순두부,일반음식점,한식,강원특별자치도 강릉시 초당순두부길77번길 9(초당동)
원조춘하추동,일반음식점,한식,"강원특별자치도 강릉시 임영로116번길 4(성내동,외 1필지13-15)"
원조칼국수,일반음식점,분식,강원특별자치도 강릉시 주문진읍 주문로 25
월드떡볶이,일반음식점,분식,강원특별자치도 강릉시 남산초교길 23(내곡동)
월드분식,일반음식점,분식,강원특별자치도 강릉시 연당길 74(초당동)
월성식당,일반음식점,한식,강원특별자치도 강릉시 주문진읍 시장3길 4
월성식당2호점,일반음식점,한식,강원특별자치도 강릉시 주문진읍 시장3길 4-1
월화칼국수,일반음식점,분식,강원특별자치도 강릉시 강릉대로203번길 7(1층 교동)
월화푸드,일반음식점,한식,강원특별자치도 강릉시 강릉대로224번길 18(임당동)
웰컴투동막골,일반음식점,한식,강원특별자치도 강릉시 옥천로 48(1층 61-2호 옥천동)
위드호텔,일반음식점,한식,강원특별자치도 강릉시 옥천로65번길 2-6(옥천동)
윙윙치킨,일반음식점,한식,강원특별자치도 강릉시 경강로2245번길 16(포남동)
유가네닭갈비강릉유천점,일반음식점,한식,강원특별자치도 강릉시 선수촌로 72(1층 102호 홍제동)
유광회관,일반음식점,한식,강원특별자치도 강릉시 주문진읍 주문로 95
유명한해산물센타,일반음식점,한식,강원특별자치도 강릉시 옥계면 헌화로 467
유산민물장어,일반음식점,한식,강원특별자치도 강릉시 칠성로 557(유산동)
유성집,일반음식점,한식,강원특별자치도 강릉시 주문진읍 구시장길 9-2
유정식당,일반음식점,한식,강원특별자치도 강릉시 중앙시장3길 31(1층 성남동)
유진면옥,일반음식점,한식,강원특별자치도 강릉시 주문진읍 신리천로 77
유천동뼈해장국 주문진점,일반음식점,한식,강원특별자치도 강릉시 주문진읍 시장길 44
유천뚝배기,일반음식점,한식,강원특별자치도 강릉시 위촌길 40(유천동)
유천로또명당,일반음식점,분식,강원특별자치도 강릉시 선수촌로 73(104호 홍제동)
육개본가,일반음식점,한식,강원특별자치도 강릉시 금성로 21(중앙시장2층동 43-2호 성남동)
육달막국수,일반음식점,분식,강원특별자치도 강릉시 사임당로 131-1(109호 홍제동)
육대감,일반음식점,한식,강원특별자치도 강릉시 문화의길7번길 8(임당동)
육대장,일반음식점,한식,강원특별자치도 강릉시 경강로 2379(송정동)
육반장,일반음식점,한식,강원특별자치도 강릉시 토성로 169(임당동)
육반장주문진점,일반음식점,한식,강원특별자치도 강릉시 주문진읍 신리천로 10(19동 103호)
육장원,일반음식점,한식,강원특별자치도 강릉시 강릉대로 455(포남동)
육칠이홍제점,일반음식점,한식,강원특별자치도 강릉시 하슬라로 18(1층 8호 홍제동)
육회&큐브스테이크,일반음식점,한식,강원특별자치도 강릉시 성덕포남로 101(102호 입암동)
윤경식당,일반음식점,한식,"강원특별자치도 강릉시 옥천로 48(옥천동,동부시장1층 34호)"
윤식당,일반음식점,한식,강원특별자치도 강릉시 성산면 구산길 76
윤씨네사생활,일반음식점,한식,강원특별자치도 강릉시 하평3길 12(1층 포남동)
윤이네순대국밥,일반음식점,한식,강원특별자치도 강릉시 가작로 223(교동)
은서네밥상,일반음식점,한식,강원특별자치도 강릉시 경강로2366번길 7(송정동)
은어향기,일반음식점,한식,강원특별자치도 강릉시 연곡면 초시길 190-17(1층)
은하수구락부,일반음식점,한식,강원특별자치도 강릉시 율곡초교길 9(교동)
은행나무,일반음식점,한식,강원특별자치도 강릉시 사천면 산대월길 153
은혜식당,일반음식점,한식,강원특별자치도 강릉시 사천면 방동길 43
은화식당,일반음식점,한식,강원특별자치도 강릉시 강릉대로313번길 7-8(1층 교동)
은희낭만포차,일반음식점,한식,강원특별자치도 강릉시 주문진읍 주문로 16(2층)
음식마을,일반음식점,한식,강원특별자치도 강릉시 강릉대로443번길 8(포남동)
읍내골,일반음식점,한식,강원특별자치도 강릉시 연곡면 왕제골길 28-4
응급실국물떡볶이강릉교동점,일반음식점,분식,강원특별자치도 강릉시 율곡초교길39번길 18(교동)
응급실국물떡볶이강릉포남점,일반음식점,분식,강원특별자치도 강릉시 성덕포남로174번길 46(1층 포남동)
의정부부대찌개교동본점,일반음식점,한식,강원특별자치도 강릉시 정원로 73-4(교동)
이가네닭갈비,일반음식점,한식,강원특별자치도 강릉시 은행나무길 3-2(옥천동)
이가네닭갈비,일반음식점,한식,강원특별자치도 강릉시 선수촌로63번길 26-7(1층 101호 홍제동)
이가네면옥,일반음식점,분식,강원특별자치도 강릉시 하슬라로177번길 14(교동)
이가네짬뽕,일반음식점,한식,강원특별자치도 강릉시 강동면 율곡로 2030
이레맛집,일반음식점,한식,강원특별자치도 강릉시 남문길 23(남문동)
이모네,일반음식점,한식,강원특별자치도 강릉시 주문진읍 주문로 125-1
이모네생선찜,일반음식점,한식,강원특별자치도 강릉시 가작로 8(교동)
이모네식당,일반음식점,한식,강원특별자치도 강릉시 강동면 헌화로 1011(1층)
이모식당,일반음식점,한식,강원특별자치도 강릉시 금성로45번길 12(성남동)
이미정의걸작교동점,일반음식점,한식,강원특별자치도 강릉시 솔올로 38(2층 교동)
이밤동먹거리,일반음식점,한식,강원특별자치도 강릉시 강변로440번길 44(입암동)
이삭토스트교동점,일반음식점,분식,강원특별자치도 강릉시 율곡로 2935-1(교동)
이쉐프의돈까스,일반음식점,한식,강원특별자치도 강릉시 경강로 2107(1층 임당동)
이스턴,일반음식점,한식,강원특별자치도 강릉시 강동면 안인진길 32
이자카야아키,일반음식점,한식,강원특별자치도 강릉시 선수촌로 72(1층 104호 홍제동)
이정희차돌박이김치두루치기전문점,일반음식점,한식,강원특별자치도 강릉시 성덕포남로174번길 39(포남동)
이층술집,일반음식점,한식,강원특별자치도 강릉시 강릉대로 245-1(교동)
이화국수,일반음식점,한식,강원특별자치도 강릉시 중앙시장1길 11(1층 성남동)
이화국수2호점,일반음식점,한식,강원특별자치도 강릉시 중앙시장1길 15-1(1층 성남동)
인사동먹거리,일반음식점,한식,강원특별자치도 강릉시 옥가로 38(옥천동)
인사동손칼국시,일반음식점,분식,강원특별자치도 강릉시 문화의길8번길 13(임당동)
인생포차,일반음식점,한식,강원특별자치도 강릉시 남구길 27(1층 포남동)
인성식당,일반음식점,한식,강원특별자치도 강릉시 남문길1번길 1(남문동)
인연밥집,일반음식점,한식,강원특별자치도 강릉시 하슬라로177번길 11(1층 교동)
일로네생선조림,일반음식점,한식,강원특별자치도 강릉시 화부산로8번길 3(교동)
일미리금계찜닭교동점,일반음식점,한식,강원특별자치도 강릉시 지변길 26-8(지변동)
일미소문난생선구이,일반음식점,한식,강원특별자치도 강릉시 강변로 122(내곡동)
일송손칼국수,일반음식점,분식,강원특별자치도 강릉시 하평3길 8(포남동)
일일가정식,일반음식점,한식,강원특별자치도 강릉시 임영로155번길 6(서부시장 1층 93호 용강동)
일조일석감자탕,일반음식점,한식,강원특별자치도 강릉시 남구길 8(포남동)
일출식당,일반음식점,한식,강원특별자치도 강릉시 강동면 정동1길 7
일품양평해장국강릉강문점,일반음식점,한식,강원특별자치도 강릉시 해안로 362(강문동)
일품양평해장국강릉성남점,일반음식점,한식,강원특별자치도 강릉시 중앙시장3길 23(1층 성남동)
일품양평해장국강릉입암점,일반음식점,한식,강원특별자치도 강릉시 성덕로 328-18(108호 입암동)
임계메밀부치기,일반음식점,한식,강원특별자치도 강릉시 노가니남길 18(노암동)
임계식당,일반음식점,한식,강원특별자치도 강릉시 중앙시장길 22-2(성남동)
임계식당2호점,일반음식점,한식,강원특별자치도 강릉시 중앙시장길 22-2(1층 성남동)
임당골감자탕,일반음식점,한식,강원특별자치도 강릉시 토성로164번길 8(1층 임당동)
임당식당,일반음식점,한식,강원특별자치도 강릉시 문화의길7번길 4(임당동)
임영로53,일반음식점,한식,강원특별자치도 강릉시 임영로 53(노암동)
임호염소전문점,일반음식점,한식,강원특별자치도 강릉시 회산로 301(회산동)
입암농협식당,일반음식점,한식,강원특별자치도 강릉시 용지로 20(입암동)
입암샤브,일반음식점,한식,강원특별자치도 강릉시 입암로 147(2층 203호 입암동)
자매네청국장,일반음식점,한식,강원특별자치도 강릉시 사임당로 113-7(홍제동)
자매식당분식,일반음식점,분식,강원특별자치도 강릉시 하슬라로 27(홍제동)
자연추어탕,일반음식점,한식,강원특별자치도 강릉시 남구길 22(1층 포남동)
자연치유음식,일반음식점,한식,강원특별자치도 강릉시 성산면 삼왕길 139-87(대한불교석불사 나동 1층)
작은다리호떡,일반음식점,분식,강원특별자치도 강릉시 주문진읍 작은다리길 17
잔치,일반음식점,한식,강원특별자치도 강릉시 정원로 54(1층 교동)
잔치마당능이백숙,일반음식점,한식,강원특별자치도 강릉시 주문진읍 주문로 148-1
잠수교수제갈비,일반음식점,한식,강원특별자치도 강릉시 노가니길 5(노암동)
장군시오야끼교동직영점,일반음식점,한식,강원특별자치도 강릉시 율곡초교길47번길 11(교동)
장뇌삼삼계탕,일반음식점,한식,강원특별자치도 강릉시 옥가로19번길 12(옥천동)
장덕리방목토종닭식당,일반음식점,한식,강원특별자치도 강릉시 주문진읍 신리천로 598-1(1층)
장독대,일반음식점,한식,강원특별자치도 강릉시 옥가로19번길 14(옥천동)
장독생아구찜,일반음식점,한식,강원특별자치도 강릉시 가작로 21-1(교동)
장면옥,일반음식점,분식,강원특별자치도 강릉시 정원로 78(교동)
장수곰탕,일반음식점,한식,강원특별자치도 강릉시 사임당로107번길 7-10(홍제동)
장수막국수,일반음식점,분식,강원특별자치도 강릉시 월대산로103번길 50(두산동)
장수밥상,일반음식점,한식,강원특별자치도 강릉시 옥계면 동해대로 291-16
장수삼계탕,일반음식점,한식,강원특별자치도 강릉시 주문진읍 시장길 51(1층)
장수손칼국수,일반음식점,분식,강원특별자치도 강릉시 임영로164번길 4(임당동)
장식당,일반음식점,한식,강원특별자치도 강릉시 강릉대로 280(1층 1호 교동)
장안식당,일반음식점,한식,강원특별자치도 강릉시 금성로31번길 5(2층 성남동)
장어가,일반음식점,한식,강원특별자치도 강릉시 성덕로 336(108호 입암동)
장어정각,일반음식점,한식,강원특별자치도 강릉시 하슬라로192번길 18(1~2층 교동)
장여사네,일반음식점,한식,강원특별자치도 강릉시 독송길 36-3(월호평동)
장여사추어탕,일반음식점,한식,강원특별자치도 강릉시 월대산로 9(입암동)
장터보리밥집,일반음식점,한식,강원특별자치도 강릉시 옥계면 현내시장길 75-1
장터비빔밥,일반음식점,한식,강원특별자치도 강릉시 중앙시장1길 11(1층 성남동)
장혁민의 부대찌개,일반음식점,한식,강원특별자치도 강릉시 사임당로 131-1(106호 홍제동)
재벌집삼계탕,일반음식점,한식,강원특별자치도 강릉시 독송길 40(1층 102호 월호평동)
전곱,일반음식점,한식,강원특별자치도 강릉시 하평3길 28(포남동)
전곱주문진점,일반음식점,한식,강원특별자치도 강릉시 주문진읍 주문북로 35-1(1층)
전남광주식당,일반음식점,한식,강원특별자치도 강릉시 해안로 517(안현동)
전수식당,일반음식점,한식,강원특별자치도 강릉시 화부산로 22(교동)
전원식당,일반음식점,한식,강원특별자치도 강릉시 옥천로19번길 26(1층 옥천동)
전이랑구이랑,일반음식점,한식,강원특별자치도 강릉시 중앙시장길 20(1층 79호 성남동)
전주식당,일반음식점,한식,강원특별자치도 강릉시 사천면 방동길 55
전집,일반음식점,한식,강원특별자치도 강릉시 주문진읍 향호리 8-17 주문진 해수욕장
전통초당순두부집,일반음식점,한식,"강원특별자치도 강릉시 운정길 133(운정동,외1필지)"
점봉산산채산나물천국,일반음식점,한식,강원특별자치도 강릉시 난설헌로 168(초당동)
정감,일반음식점,한식,강원특별자치도 강릉시 가작로 34(1층 101호 교동)
정감이능이백숙,일반음식점,한식,강원특별자치도 강릉시 강동면 둔지길 89-16
정담,일반음식점,한식,강원특별자치도 강릉시 금성로61번길 11(1층 성남동)
정동닭.오리백숙,일반음식점,한식,강원특별자치도 강릉시 강동면 헌화로 920-18
정동만남의광장,일반음식점,한식,강원특별자치도 강릉시 강동면 오이동길 7
정동진밥집,일반음식점,한식,강원특별자치도 강릉시 강동면 정동3길 46
정동진밥집,일반음식점,한식,강원특별자치도 강릉시 강동면 정동진리 569-2 정동진해수욕장
정동진시골밥상,일반음식점,한식,강원특별자치도 강릉시 강동면 오이성황길 1-2
정동진쌈밥장칼국수,일반음식점,한식,강원특별자치도 강릉시 강동면 헌화로 906-3(가동 1층)
정동진역주식포차,일반음식점,한식,강원특별자치도 강릉시 강동면 정동역길 24-1
정동진일출맛집,일반음식점,한식,강원특별자치도 강릉시 강동면 헌화로 1089
정동진전복뚝배기,일반음식점,한식,강원특별자치도 강릉시 강동면 헌화로 1001
정동진정가네순두부,일반음식점,한식,강원특별자치도 강릉시 강동면 헌화로 1094
정동진해물탕,일반음식점,한식,강원특별자치도 강릉시 강동면 정동1길 6
정동진회센타,일반음식점,한식,강원특별자치도 강릉시 강동면 헌화로 977(1층)
정동행솥밥,일반음식점,한식,강원특별자치도 강릉시 강동면 헌화로 923
정든추어탕,일반음식점,한식,강원특별자치도 강릉시 운정길21번길 3(난곡동)
정선골곤드레밥집,일반음식점,한식,강원특별자치도 강릉시 옥천로61번길 21-1(옥천동)
정선아줌마순메밀부치기,일반음식점,분식,강원특별자치도 강릉시 중앙시장2길 33(1층 성남동)
정선이모네식당,일반음식점,한식,강원특별자치도 강릉시 강릉대로223번길 11(1층 교동)
정식당,일반음식점,한식,"강원특별자치도 강릉시 옥천로 48(옥천동,동부시장 1층 98호)"
정아식당,일반음식점,한식,강원특별자치도 강릉시 동부시장1길 3(옥천동)
정원식당,일반음식점,한식,강원특별자치도 강릉시 주문진읍 주문로 138(1층)
정유진미성식당,일반음식점,한식,강원특별자치도 강릉시 하평5길 14(포남동)
정윤이네먹거리,일반음식점,한식,강원특별자치도 강릉시 중앙시장3길 37-1(성남동)
정은숙초당순두부,일반음식점,분식,강원특별자치도 강릉시 난설헌로 200(초당동)
정현식당,일반음식점,한식,강원특별자치도 강릉시 강릉대로 92(1층 홍제동)
정화식당,일반음식점,한식,강원특별자치도 강릉시 토성로 193(옥천동)
정희네수제찹쌀고로케,일반음식점,분식,강원특별자치도 강릉시 홍제로 37(1층 102호 홍제동)
제비리장칼국수,일반음식점,분식,강원특별자치도 강릉시 구정면 회산로 44-4(1층)
제비연,일반음식점,한식,강원특별자치도 강릉시 구정면 정등로 24-14
제왕산순대,일반음식점,한식,강원특별자치도 강릉시 성산면 백두대간로 2713-4
제일강산,일반음식점,한식,강원특별자치도 강릉시 홍제로85번길 29(홍제동)
제일함흥냉면,일반음식점,분식,강원특별자치도 강릉시 중앙시장3길 3(성남동)
제주해인물회,일반음식점,한식,강원특별자치도 강릉시 하평4길 41(포남동)
젤코바,일반음식점,분식,강원특별자치도 강릉시 종합운동장길 39(1층 교동)
조롱박식당,일반음식점,한식,강원특별자치도 강릉시 주문진읍 연주로 472
조부동막국수,일반음식점,한식,강원특별자치도 강릉시 사천면 청솔공원길 86-1(1층)
조부자매운순대家강릉점,일반음식점,한식,강원특별자치도 강릉시 남부로17번길 25(1층 내곡동)
조양면옥,일반음식점,한식,강원특별자치도 강릉시 주문진읍 교항안길 60
종로청국장,일반음식점,한식,강원특별자치도 강릉시 강릉대로121번길 4(교동)
종점,일반음식점,한식,강원특별자치도 강릉시 경강로 2537(견소동)
좋은돼지,일반음식점,한식,강원특별자치도 강릉시 옥가로 38(옥천동)
좋은생각한식전문점,일반음식점,한식,강원특별자치도 강릉시 주문진읍 주문로 56(1층)
좋은세상,일반음식점,한식,강원특별자치도 강릉시 중기안길 30(옥천동)
주공면옥,일반음식점,분식,강원특별자치도 강릉시 주문진읍 신리천로 72
주공포차,일반음식점,분식,"강원특별자치도 강릉시 강변로 364(입암동,1주공 상가 105호)"
주막,일반음식점,한식,강원특별자치도 강릉시 관대길20번길 2(내곡동)
주막골밥상,일반음식점,한식,강원특별자치도 강릉시 율곡로 2950(교동)
주먹앤덮밥,일반음식점,한식,"강원특별자치도 강릉시 강변로 364(2층 205호 입암동, 입암1주공아파트)"
주문진 맛집,일반음식점,한식,강원특별자치도 강릉시 주문진읍 시장길 57
주문진가마솥설렁탕,일반음식점,한식,강원특별자치도 강릉시 주문진읍 연주로 257-4
주문진고기장터,일반음식점,한식,강원특별자치도 강릉시 주문진읍 항구2길 9
주문진곰치국,일반음식점,한식,강원특별자치도 강릉시 주문진읍 주문로 150
주문진남매식당,일반음식점,한식,강원특별자치도 강릉시 주문진읍 작은다리길 31
주문진대박식당,일반음식점,한식,강원특별자치도 강릉시 주문진읍 항구3길 2-1
주문진돈의맛,일반음식점,한식,강원특별자치도 강릉시 주문진읍 연주로 367
주문진둥지식당,일반음식점,한식,강원특별자치도 강릉시 주문진읍 시장3길 4
주문진리조트,일반음식점,한식,강원특별자치도 강릉시 주문진읍 해안로 2070
주문진막국수,일반음식점,분식,강원특별자치도 강릉시 주문진읍 연주로 587
주문진맛튀김,일반음식점,분식,강원특별자치도 강릉시 주문진읍 해안로 1758-14
주문진미인상회,일반음식점,한식,강원특별자치도 강릉시 주문진읍 연주로 381(1층)
주문진생선구이,일반음식점,한식,강원특별자치도 강릉시 주문진읍 해안로 1795
주문진순이네,일반음식점,한식,강원특별자치도 강릉시 가작로 15(교동)
주문진식당,일반음식점,한식,강원특별자치도 강릉시 주문진읍 신리천로 18
주문진여기어때,일반음식점,한식,강원특별자치도 강릉시 주문진읍 시장길 56-3(1층)
주문진장례식장내주문진식당,일반음식점,한식,강원특별자치도 강릉시 주문진읍 연주로 448-5
주문진전주식당,일반음식점,한식,강원특별자치도 강릉시 주문진읍 시장길 49-1(1층)
주문진진아네,일반음식점,한식,강원특별자치도 강릉시 연곡면 영진길 33(102호)
주문진해물,일반음식점,한식,강원특별자치도 강릉시 주문진읍 해안로 1629
주문진해물국수,일반음식점,분식,강원특별자치도 강릉시 성덕포남로188번길 10(포남동)
주문진행운식당,일반음식점,한식,강원특별자치도 강릉시 주문진읍 항구로 45
주문진현아네식당,일반음식점,한식,강원특별자치도 강릉시 주문진읍 시장3길 1-2(1층)
주식회사느루,일반음식점,한식,강원특별자치도 강릉시 연당길 11(1층 포남동)
주안상,일반음식점,한식,강원특별자치도 강릉시 선수촌로63번길 18-2(1층 홍제동)
주영식당,일반음식점,한식,"강원특별자치도 강릉시 금성로 21(중앙시장2층동 12,13호 성남동)"
주원불낙지,일반음식점,한식,강원특별자치도 강릉시 주문진읍 연주로 322-1
주희네의정부부대찌개,일반음식점,한식,강원특별자치도 강릉시 월대산로 68(입암동)
죽방전집,일반음식점,한식,강원특별자치도 강릉시 남강초교2길 33-1(1층 포남동)
죽이야기,일반음식점,한식,"강원특별자치도 강릉시 경강로 2120(옥천동,5층)"
죽헌식당,일반음식점,한식,강원특별자치도 강릉시 죽헌길 159(죽헌동)
준푸드,일반음식점,한식,강원특별자치도 강릉시 주문진읍 해안로 1981(1층)
준호네정원,일반음식점,한식,강원특별자치도 강릉시 성산면 구산길 90
중국미도,일반음식점,분식,강원특별자치도 강릉시 문화의길7번길 7(임당동)
중앙가든,일반음식점,한식,강원특별자치도 강릉시 옥계면 현내시장길 19
중앙가든,일반음식점,한식,강원특별자치도 강릉시 옥계면 현내시장길 19(2동 1층)
중앙식당,일반음식점,한식,강원특별자치도 강릉시 왕산면 왕산로 23-12
중앙실비,일반음식점,한식,강원특별자치도 강릉시 경강로2067번길 6(성내동)
중앙형제횟집,일반음식점,한식,강원특별자치도 강릉시 금성로 21(중앙시장동 2층 43-1호 성남동)
중앙휴게소,일반음식점,분식,강원특별자치도 강릉시 중앙시장2길 48(성남동)
중화요리황금성,일반음식점,한식,강원특별자치도 강릉시 경강로 2196(포남동)
중화요리흑진주,일반음식점,분식,강원특별자치도 강릉시 사천면 방동길 37(2층)
즐겨찾기,일반음식점,한식,강원특별자치도 강릉시 연당길 70(초당동)
지연식당,일반음식점,한식,강원특별자치도 강릉시 남구길30번길 12(포남동)
지원식당,일반음식점,한식,강원특별자치도 강릉시 주문진읍 해안로 1760(1단지2동)
지프레시,일반음식점,한식,강원특별자치도 강릉시 새냉이길 24(1층 홍제동)
지호한방삼계탕,일반음식점,한식,강원특별자치도 강릉시 정원로 83-9(교동)
직화볶음찜닭볶찜강릉관동대점,일반음식점,한식,강원특별자치도 강릉시 범일로579번길 49-2(1층 내곡동)
진고개냉면,일반음식점,분식,강원특별자치도 강릉시 연곡면 진고개로 2539
진고개농원식당,일반음식점,한식,강원특별자치도 강릉시 연곡면 퇴곡2길 60
진고개식당,일반음식점,한식,강원특별자치도 강릉시 연곡면 진고개로 1178-12
진고개휴게소식당,일반음식점,한식,강원특별자치도 강릉시 연곡면 진고개로 1075
진미식당,일반음식점,한식,강원특별자치도 강릉시 금성로45번길 14(성남동)
진미아구찜,일반음식점,한식,강원특별자치도 강릉시 주문진읍 매맥이길 13-18
진보실비,일반음식점,한식,강원특별자치도 강릉시 경강로 2264(포남동)
진부집부침,일반음식점,한식,강원특별자치도 강릉시 금성로5번길 12(1층 2호 성남동)
진뼈해장국감자탕,일반음식점,한식,강원특별자치도 강릉시 창해로350번길 25(강문동)
진영두부마을,일반음식점,한식,강원특별자치도 강릉시 옥가로 20(옥천동)
진이네,일반음식점,한식,"강원특별자치도 강릉시 남부로125번길 5(노암동,한라3차상가)"
진재골식당,일반음식점,한식,강원특별자치도 강릉시 진재골길 132-3(장현동)
진지한국밥강릉교동점,일반음식점,분식,강원특별자치도 강릉시 교동광장로 127(1층 102호 교동)
질가집,일반음식점,한식,강원특별자치도 강릉시 임영로 59-1(1층 노암동)
집밥생각,일반음식점,한식,강원특별자치도 강릉시 원대로 27(1층 교동)
짜장이랑짬뽕이랑,일반음식점,한식,강원특별자치도 강릉시 경강로 2560(견소동)
짝패,일반음식점,한식,강원특별자치도 강릉시 주문진읍 주문로 135
짬뽕집,일반음식점,한식,강원특별자치도 강릉시 경강로 2068-1(금학동)
짱구분식,일반음식점,분식,강원특별자치도 강릉시 중기길 15-2(옥천동)
짱신,일반음식점,한식,강원특별자치도 강릉시 옥계면 헌화로 441
쪼닭,일반음식점,한식,강원특별자치도 강릉시 관대길 36(1층 내곡동)
찐전집,일반음식점,한식,"강원특별자치도 강릉시 경강로2539번길 8(106호 견소동, 견소동 한신아파트)"
차현희순두부청국장,일반음식점,한식,"강원특별자치도 강릉시 초당순두부길 98(가,다동 초당동)"
착한한우해장국,일반음식점,한식,강원특별자치도 강릉시 범일로 532(내곡동)
착한황금돼지,일반음식점,한식,강원특별자치도 강릉시 율곡초교길47번길 15(교동)
찬찬찬7.0,일반음식점,분식,강원특별자치도 강릉시 율곡초교길 25(1층 교동)
참고맙소,일반음식점,한식,강원특별자치도 강릉시 연곡면 남평길 1
참새방앗간2호점,일반음식점,한식,강원특별자치도 강릉시 강중길 50(2층 입암동)
참새앤방앗간,일반음식점,분식,강원특별자치도 강릉시 강중길48번길 1(입암동)
참이맛감자탕,일반음식점,한식,강원특별자치도 강릉시 회산로 368(회산동)
참치정육점,일반음식점,한식,강원특별자치도 강릉시 남구길17번길 2(포남동)
창성식당,일반음식점,한식,강원특별자치도 강릉시 주문진읍 항구3길 1-6
채반,일반음식점,한식,강원특별자치도 강릉시 범일로 666(내곡동)
채선당 자연한가득 강릉내곡점,일반음식점,한식,강원특별자치도 강릉시 남부로17번길 28-1(1층 내곡동)
채선당,일반음식점,한식,강원특별자치도 강릉시 교동광장로 110(교동)
채선당강릉사천항점,일반음식점,한식,강원특별자치도 강릉시 사천면 진리해변길 37(상가동 C-B113호 강릉호반베르디움오션아파트)
채여사의한뚝배기추어탕,일반음식점,한식,강원특별자치도 강릉시 선수촌로 79-15(107호 홍제동)
처가집백반,일반음식점,한식,강원특별자치도 강릉시 옥천로 74(교동)
천년바위,일반음식점,한식,강원특별자치도 강릉시 연곡면 진고개로 1128-4
천일삼겹살,일반음식점,한식,강원특별자치도 강릉시 옥천로 63(1층 옥천동)
천진동해장국,일반음식점,한식,강원특별자치도 강릉시 강릉대로 104(홍제동)
철다리,일반음식점,한식,강원특별자치도 강릉시 토성로 189(옥천동)
철뚝소머리집,일반음식점,한식,강원특별자치도 강릉시 주문진읍 철둑길 42
철이네전부침,일반음식점,분식,강원특별자치도 강릉시 중앙시장1길 17(성남동)
철판명가,일반음식점,한식,강원특별자치도 강릉시 금성로 16(1층 금학동)
청기와식당,일반음식점,한식,강원특별자치도 강릉시 성산면 구산길 73-1
청기와육개장,일반음식점,한식,강원특별자치도 강릉시 가작로 12(교동)
청기와한정식,일반음식점,한식,강원특별자치도 강릉시 동부시장1길 5(옥천동)
청년고기장수주문진점,일반음식점,한식,강원특별자치도 강릉시 주문진읍 항구로 40(상가동 1층 101호 강릉주문진풍림아이원하버뷰)
청년떡볶이강릉교동점,일반음식점,분식,강원특별자치도 강릉시 교동광장로 129(교동)
청담,일반음식점,한식,강원특별자치도 강릉시 율곡초교길47번길 13(교동)
청량골,일반음식점,한식,강원특별자치도 강릉시 유다리길31번길 11-6(청량동)
청사초롱감자탕,일반음식점,한식,강원특별자치도 강릉시 하슬라로 38(홍제동)
청솔공원식당,일반음식점,한식,강원특별자치도 강릉시 사천면 청솔공원길 334(청솔공원관리사무소)
청송식당,일반음식점,한식,강원특별자치도 강릉시 범일로579번길 59(내곡동)
청송장칼국수,일반음식점,분식,강원특별자치도 강릉시 경강로2323번길 14(포남동)
청수그린가든,일반음식점,한식,강원특별자치도 강릉시 옥계면 생골길 74
청정갯마을,일반음식점,한식,강원특별자치도 강릉시 강릉대로210번길 22(2층 임당동)
청주무심천대게,일반음식점,한식,강원특별자치도 강릉시 주문진읍 해안로 1760(1단지4동)
청주본가강릉점,일반음식점,한식,강원특별자치도 강릉시 범일로 644(2층 내곡동)
청춘꼬마김밥&떡볶이,일반음식점,분식,강원특별자치도 강릉시 선수촌로 79-19(1층 106호 홍제동)
청학동순대,일반음식점,한식,강원특별자치도 강릉시 율곡초교길43번길 1(교동)
청화대,일반음식점,분식,강원특별자치도 강릉시 강동면 오이동길 45
청화대뚝배기동태탕,일반음식점,한식,강원특별자치도 강릉시 강릉대로 436(가동 포남동)
초가집,일반음식점,한식,강원특별자치도 강릉시 강동면 율곡로 1852
초가집,일반음식점,한식,"강원특별자치도 강릉시 부흥길 22(1,2층 노암동)"
초당가국수,일반음식점,한식,강원특별자치도 강릉시 초당원길 51(1층 초당동)
초당고부순두부,일반음식점,한식,"강원특별자치도 강릉시 강릉대로587번길 17(가,나동 1층 초당동)"
초당다나정원,일반음식점,한식,강원특별자치도 강릉시 초당순두부길 16(초당동)
초당닭내장,일반음식점,한식,강원특별자치도 강릉시 초당원길 53-1(초당동)
초당막국수,일반음식점,분식,강원특별자치도 강릉시 사천면 중앙서로 357
초당맷돌순두부,일반음식점,한식,강원특별자치도 강릉시 초당순두부길 75(초당동)
초당명가짬뽕순두부,일반음식점,한식,강원특별자치도 강릉시 초당순두부길 69(초당동)
초당미소,일반음식점,한식,강원특별자치도 강릉시 초당원길 30-1(1층 초당동)
초당민들레,일반음식점,한식,강원특별자치도 강릉시 연당길 108(초당동)
초당본가짬뽕순두부,일반음식점,분식,강원특별자치도 강릉시 초당순두부길 97(초당동)
초당부일손칼국수,일반음식점,분식,강원특별자치도 강릉시 연당길 94-12(초당동)
초당순두부떡갈비,일반음식점,한식,강원특별자치도 강릉시 초당순두부길 55(초당동)
초당오죽헌소갈비찜강문안목해변점,일반음식점,한식,강원특별자치도 강릉시 난설헌로 219(1층 초당동)
초당옥,일반음식점,한식,강원특별자치도 강릉시 초당순두부길 40(1층 초당동)
초당장칼국수,일반음식점,한식,강원특별자치도 강릉시 초당순두부길 33-1(초당동)
초당콩밭,일반음식점,분식,강원특별자치도 강릉시 초당순두부길 57(초당동)
초당토박이 할머니순두부,일반음식점,한식,강원특별자치도 강릉시 초당순두부길 47(초당동)
초당한식,일반음식점,한식,강원특별자치도 강릉시 난설헌로 176(초당동)
초당할머니순두부,일반음식점,한식,강원특별자치도 강릉시 초당순두부길 77(초당동)
초당해물찜,일반음식점,한식,강원특별자치도 강릉시 난설헌로 228-5(2층 초당동)
초당해장국,일반음식점,한식,강원특별자치도 강릉시 연당길 63(초당동)
초당화,일반음식점,한식,강원특별자치도 강릉시 난설헌로 199(1층 초당동)
초당훈이순두부짬뽕,일반음식점,한식,강원특별자치도 강릉시 초당순두부길55번길 38(1층 초당동)
초시막국수,일반음식점,분식,강원특별자치도 강릉시 연곡면 초시길 33-1
초시토속식당,일반음식점,한식,강원특별자치도 강릉시 주문진읍 시장3길 4
초심,일반음식점,한식,강원특별자치도 강릉시 주문진읍 시장길 56
초원,일반음식점,한식,강원특별자치도 강릉시 성산면 구산길 63
초원부침,일반음식점,한식,강원특별자치도 강릉시 중앙시장1길 10(1층 성남동)
초원이모네,일반음식점,분식,강원특별자치도 강릉시 강변로126번길 8-2(내곡동)
초장집,일반음식점,한식,강원특별자치도 강릉시 금성로23번길 6(1층 성남동)
최가네두루치기,일반음식점,한식,강원특별자치도 강릉시 옥계면 현내시장길 91-1(1-2층)
최가네한방능이백숙,일반음식점,한식,강원특별자치도 강릉시 범일로 505(내곡동)
최대게,일반음식점,한식,강원특별자치도 강릉시 주문진읍 해안로 1727-2
최씨장칼국수,일반음식점,분식,강원특별자치도 강릉시 해안로 292(5호 강문동)
최일순짬뽕순두부,일반음식점,한식,강원특별자치도 강릉시 해안로 517(안현동)
추억의맛집,일반음식점,한식,강원특별자치도 강릉시 옥가로7번길 14(옥천동)
축항,일반음식점,한식,강원특별자치도 강릉시 남구길 11(포남동)
춘식이네,일반음식점,한식,강원특별자치도 강릉시 주문진읍 중앙골목길 19
춘자네밥집,일반음식점,한식,강원특별자치도 강릉시 강동면 헌화로 1084
춘장왕,일반음식점,분식,강원특별자치도 강릉시 주문진읍 주문로 116
춘천마신는닭갈비,일반음식점,분식,강원특별자치도 강릉시 임영로116번안길 3-1(금학동)
춘천명동김치닭갈비,일반음식점,한식,강원특별자치도 강릉시 월대산로 68(2호 입암동)
춘천명물닭갈비,일반음식점,한식,강원특별자치도 강릉시 주문진읍 신리길 3
춘천수미닭갈비,일반음식점,한식,강원특별자치도 강릉시 월대산로 60(입암동)
춘천식당,일반음식점,한식,강원특별자치도 강릉시 주문진읍 항구2길 6-1
춘천진미닭갈비,일반음식점,한식,강원특별자치도 강릉시 하평길 8(1층 포남동)
춘천진선닭갈비,일반음식점,한식,강원특별자치도 강릉시 토성로 69(홍제동)
춘천최가네닭갈비,일반음식점,한식,강원특별자치도 강릉시 입암로148번길 22(입암동)
춘하추동,일반음식점,한식,강원특별자치도 강릉시 남구길 24(포남동)
춘하추동교동택지점,일반음식점,한식,강원특별자치도 강릉시 정원로 73-2(9호 교동)
춘하추동입암점,일반음식점,한식,강원특별자치도 강릉시 입암로 139(입암동)
충남뼈다귀해장국,일반음식점,한식,"강원특별자치도 강릉시 옥천로 48(옥천동,동부시장 1층 116호)"
취해,일반음식점,한식,강원특별자치도 강릉시 하슬라로232번길 14-12(교동)
취향마라강릉점,일반음식점,한식,강원특별자치도 강릉시 옥천로61번길 19-1(옥천동)
치킨인류내곡홍제점,일반음식점,한식,강원특별자치도 강릉시 관대길 33(내곡동)
친구포장마차,일반음식점,한식,강원특별자치도 강릉시 옥천로 49(옥천동)
칠봉산자락,일반음식점,한식,강원특별자치도 강릉시 구정면 회산로 88-27(1층)
칡꽃향기,일반음식점,한식,강원특별자치도 강릉시 성산면 양지말길 48
칡꽃향기,일반음식점,분식,강원특별자치도 강릉시 문화의길 18(임당동)
칡냉면 땡기는날,일반음식점,분식,강원특별자치도 강릉시 중앙시장길 3(성남동)
칭따오양꼬치,일반음식점,한식,강원특별자치도 강릉시 옥가로19번길 25(교동)
카페더유월,일반음식점,한식,강원특별자치도 강릉시 주문진읍 연주로 317-1(1층)
카페선,일반음식점,한식,강원특별자치도 강릉시 구정면 구정중앙로 207-89(2층)
카페툇마루,일반음식점,한식,강원특별자치도 강릉시 난설헌로 232(1~2층 초당동)
캠핑식당용지각길56,일반음식점,한식,강원특별자치도 강릉시 용지각길 56(1층 포남동)
컴포즈커피강릉중앙시장점,일반음식점,분식,강원특별자치도 강릉시 중앙시장2길 45-1(성남동)
코끼리만두,일반음식점,분식,강원특별자치도 강릉시 강릉대로443번길 13(포남동)
코다리마을,일반음식점,한식,강원특별자치도 강릉시 사천면 조부동길 67-2
코리아식당,일반음식점,한식,강원특별자치도 강릉시 주문진읍 신리천로 36
코바코사천점,일반음식점,한식,강원특별자치도 강릉시 사천면 방동길 43
콜롬보식당,일반음식점,한식,강원특별자치도 강릉시 중앙시장3길 32(성남동)
콩가네,일반음식점,한식,강원특별자치도 강릉시 저동등길 178-36(저동)
콩새장치찜,일반음식점,한식,강원특별자치도 강릉시 옥가로 45(옥천동)
크림브리즈,일반음식점,한식,강원특별자치도 강릉시 옥계면 헌화로 467(1층)
큰기와집,일반음식점,한식,강원특별자치도 강릉시 강동면 정동등명길 3
큰마루추어탕,일반음식점,한식,강원특별자치도 강릉시 금성로45번길 12(성남동)
큰맘할매순대국,일반음식점,한식,강원특별자치도 강릉시 강릉대로 337-2(1층 포남동)
큰맘할매순대국,일반음식점,한식,강원특별자치도 강릉시 경강로 2614(1~2층 견소동)
큰맘할매순대국,일반음식점,한식,강원특별자치도 강릉시 강릉대로 190(1층 교동)
큰손감자탕,일반음식점,한식,강원특별자치도 강릉시 하평4길 39(1층 포남동)
큰집추어탕,일반음식점,한식,"강원특별자치도 강릉시 임영로155번길 6(용강동,번지1층42호)"
킹콩부대찌개 강릉주문진점,일반음식점,한식,강원특별자치도 강릉시 주문진읍 주문로 10(1층 102호)
킹콩부대찌개강릉교동점,일반음식점,한식,강원특별자치도 강릉시 정원로 77-7(교동)
킹콩부대찌개강릉옥천점,일반음식점,한식,강원특별자치도 강릉시 경강로 2160(옥천동)
킹콩부대찌개내곡점,일반음식점,한식,강원특별자치도 강릉시 남부로17번길 10(1층 내곡동)
태광나들목,일반음식점,한식,강원특별자치도 강릉시 연곡면 소금강길 459(1~2층)
태광회식당,일반음식점,한식,강원특별자치도 강릉시 창해로 382(강문동)
태백산맥식당,일반음식점,한식,강원특별자치도 강릉시 해안로 517(안현동)
태봉식당,일반음식점,분식,"강원특별자치도 강릉시 강변로 508(1층 103호 입암동, 입암2단지주공아파트)"
태산순대국,일반음식점,한식,강원특별자치도 강릉시 궁골길 6(회산동)
태울한식부페,일반음식점,한식,강원특별자치도 강릉시 강동면 헌화로 911(1층)
태원식당,일반음식점,한식,강원특별자치도 강릉시 임영로163번길 5(1층 용강동)
태인네포차,일반음식점,한식,"강원특별자치도 강릉시 경강로 2511(104, 105호 송정동, 강릉아이파크)"
태장봉능이오리닭백숙,일반음식점,한식,강원특별자치도 강릉시 동해대로3407번길 39-8(대전동)
태장봉식당,일반음식점,한식,강원특별자치도 강릉시 한밭골길 79-6(대전동)
택지오뎅,일반음식점,분식,강원특별자치도 강릉시 솔올로 51(1층 교동)
터미널가정식백반,일반음식점,한식,강원특별자치도 강릉시 하슬라로 27(홍제동)
터미널분식,일반음식점,분식,강원특별자치도 강릉시 하슬라로 15(홍제동)
테츠,일반음식점,한식,강원특별자치도 강릉시 하슬라로206번길 23-5(교동)
토담골,일반음식점,한식,강원특별자치도 강릉시 경강로 2195(옥천동)
토담마루,일반음식점,한식,강원특별자치도 강릉시 하슬라로 36(홍제동)
토담순두부,일반음식점,한식,강원특별자치도 강릉시 난설헌로193번길 1-19(초당동)
토담쌈밥,일반음식점,한식,강원특별자치도 강릉시 남부로163번길 7(노암동)
토박이해물,일반음식점,한식,강원특별자치도 강릉시 주문진읍 해안로 1615-1
토방만두,일반음식점,분식,강원특별자치도 강릉시 새냉이길26번길 18-2(홍제동)
토스트굽는사람들솔올점,일반음식점,분식,강원특별자치도 강릉시 솔올로 93(교동)
토스트랑&,일반음식점,분식,강원특별자치도 강릉시 하슬라로 30(1층 홍제동)
토종집,일반음식점,한식,강원특별자치도 강릉시 입암로 28(1층 입암동)
통일식당,일반음식점,한식,강원특별자치도 강릉시 금성로61번길 11-1(성남동)
통큰왕손만두찐빵,일반음식점,분식,강원특별자치도 강릉시 토성로 79(홍제동)
통큰해물,일반음식점,한식,강원특별자치도 강릉시 주문진읍 연주로 460
통통배매운탕,일반음식점,한식,강원특별자치도 강릉시 주문진읍 시장길 30
티각태각대게고로게,일반음식점,분식,강원특별자치도 강릉시 금성로13번길 12(1층 성남동)
파도식당,일반음식점,한식,강원특별자치도 강릉시 주문진읍 주문로 168
파도식당본점,일반음식점,한식,강원특별자치도 강릉시 주문진읍 신리천로 32
파랑새김밥,일반음식점,분식,강원특별자치도 강릉시 산양큰길 46(포남동)
파주닭국수,일반음식점,한식,강원특별자치도 강릉시 금성로14번길 5-2(2층 금학동)
팔당수산,일반음식점,한식,강원특별자치도 강릉시 옥천로61번길 8-1(옥천동)
팔당원조칼제비강릉남항진점,일반음식점,한식,강원특별자치도 강릉시 공항길 18-6(가동 1층 병산동)
팔도전복해물뚝배기,일반음식점,한식,강원특별자치도 강릉시 창해로 375(강문동)
페리페리버거,일반음식점,한식,강원특별자치도 강릉시 창해로2번길 32(1층 견소동)
편백향,일반음식점,한식,강원특별자치도 강릉시 난설헌로 105(가동 2층 포남동)
평상집,일반음식점,한식,강원특별자치도 강릉시 경강로 1849(1층 홍제동)
평지해장국,일반음식점,한식,강원특별자치도 강릉시 강릉대로 98-1(홍제동)
평진냉면,일반음식점,한식,강원특별자치도 강릉시 성덕로 89(1층 병산동)
평창식당,일반음식점,한식,강원특별자치도 강릉시 주문진읍 시장3길 3-1
평창왕갈비탕내곡점,일반음식점,한식,강원특별자치도 강릉시 범일로 626(1층 101호 내곡동)
평창왕갈비탕전문점,일반음식점,한식,강원특별자치도 강릉시 성덕포남로213번길 12-6(1층 102호 포남동)
평화가든,일반음식점,한식,강원특별자치도 강릉시 옥계면 옥계로 1110
포남밥집,일반음식점,분식,강원특별자치도 강릉시 성덕포남로168번길 15(1층 포남동)
포남부영식당,일반음식점,한식,강원특별자치도 강릉시 성덕포남로153번길 3(포남동)
포남사골옹심이,일반음식점,한식,강원특별자치도 강릉시 남구길10번길 11(포남동)
포남샤브샤브칼국수,일반음식점,분식,강원특별자치도 강릉시 경강로2223번길 27(포남동)
포항집,일반음식점,한식,강원특별자치도 강릉시 중앙시장2길 58(성남동)
포항한우곰탕,일반음식점,한식,강원특별자치도 강릉시 성덕로138번길 1(병산동)
퐁닭,일반음식점,한식,강원특별자치도 강릉시 경강로 2446(강릉송정한신더휴아파트 1층 103호 송정동)
푸드푸드,일반음식점,한식,강원특별자치도 강릉시 주문진읍 시장3길 5(1층 제2호)
푸드홈샌드파인CC,일반음식점,한식,강원특별자치도 강릉시 저동등길 53(저동)
푸른밤소주방,일반음식점,한식,강원특별자치도 강릉시 주문진읍 중앙골목길 23
푸짐이왕족발보쌈본점,일반음식점,한식,강원특별자치도 강릉시 율곡초교길43번길 12(1층 교동)
푸짐한감자탕,일반음식점,한식,강원특별자치도 강릉시 강릉대로 369-5(포남동)
"푸짐한밥상, 푸짐한포차",일반음식점,한식,강원특별자치도 강릉시 화부산로 10(103호 교동)
품바감자탕&홍돼지국밥교동택지점,일반음식점,한식,강원특별자치도 강릉시 하슬라로192번길 17(1층 교동)
풍경,일반음식점,한식,강원특별자치도 강릉시 연곡면 신왕길 71-10(1층)
풍년집,일반음식점,한식,"강원특별자치도 강릉시 옥천로 48(1층 110호 옥천동, 동부시장)"
풍성한밥상,일반음식점,한식,강원특별자치도 강릉시 주문진읍 연주로 316(1층)
풍족,일반음식점,분식,강원특별자치도 강릉시 임영로 122(성내동)
플라잉키친강릉점,일반음식점,한식,강원특별자치도 강릉시 옥가로7번길 12(옥천동)
피비피샌드위치,일반음식점,분식,강원특별자치도 강릉시 해안로 476(스카이베이 경포호텔 지하층 1002호 강문동)
피터콤마,일반음식점,한식,강원특별자치도 강릉시 경강로 2608(견소동)
필식당,일반음식점,한식,강원특별자치도 강릉시 강동면 헌화로 1009
하나로본감자탕,일반음식점,한식,강원특별자치도 강릉시 임영로 13(노암동)
하나로식당,일반음식점,한식,강원특별자치도 강릉시 율곡로 2792(성남동)
하나찜,일반음식점,한식,강원특별자치도 강릉시 경강로2119번길 11(1층 옥천동)
하누국밥,일반음식점,한식,강원특별자치도 강릉시 강릉대로457번길 23(포남동)
하누리감자탕부대찌개,일반음식점,한식,강원특별자치도 강릉시 구정면 구정중앙로 119(1층)
하늘천따지,일반음식점,한식,강원특별자치도 강릉시 구정면 금평로 190-6
하루,일반음식점,한식,강원특별자치도 강릉시 남구길18번길 15(다동 1층 포남동)
하슬라오정포차,일반음식점,한식,강원특별자치도 강릉시 강릉대로443번길 2(포남동)
하월당,일반음식점,한식,강원특별자치도 강릉시 초당순두부길 89-12(1층 초당동)
학마을흑염소,일반음식점,한식,강원특별자치도 강릉시 구정면 범일로 274(1층)
학사식당,일반음식점,한식,강원특별자치도 강릉시 지변길 10(지변동)
학산2리마을부녀회,일반음식점,한식,강원특별자치도 강릉시 구정면 금평로 119(정보화의집 1층)
학산시골밥상,일반음식점,한식,강원특별자치도 강릉시 구정면 범일로 131
한가위식당,일반음식점,한식,강원특별자치도 강릉시 율곡초교길11번길 30(교동)
한끼국밥,일반음식점,분식,강원특별자치도 강릉시 강릉대로 172(교동)
한뚝배기,일반음식점,한식,강원특별자치도 강릉시 회산로383번길 54-5(회산동)
한성먹거리,일반음식점,한식,강원특별자치도 강릉시 남구길30번길 11(포남동)
한성식당,일반음식점,한식,강원특별자치도 강릉시 금성로31번길 7(성남동)
한송정愛한끼,일반음식점,한식,강원특별자치도 강릉시 수문길 60-1(1층 옥천동)
한송정보리밥,일반음식점,한식,강원특별자치도 강릉시 수문길 60-1(1층 옥천동)
한솥도시락강릉원주대점,일반음식점,한식,강원특별자치도 강릉시 지변길 20(나동 1층 101호 지변동)
한양만두분식,일반음식점,분식,강원특별자치도 강릉시 화부산로 122(교동)
한양왕족발 강릉점,일반음식점,한식,강원특별자치도 강릉시 강변로440번길 6(코아루일번지상가동 101호 입암동)
한양육회,일반음식점,한식,강원특별자치도 강릉시 선수촌로63번길 26-12(1층 홍제동)
한우덕,일반음식점,한식,강원특별자치도 강릉시 경강로2024번길 27(명주동)
한우리식당,일반음식점,한식,강원특별자치도 강릉시 금성로5번길 14(성남동)
한터집,일반음식점,한식,강원특별자치도 강릉시 왕산면 노추산로 583-10
할매곰치국,일반음식점,한식,강원특별자치도 강릉시 주문진읍 주문북로 6
할매집,일반음식점,분식,강원특별자치도 강릉시 주문진읍 시장길 30
할머니가래떡볶이,일반음식점,분식,강원특별자치도 강릉시 범일로 597(103호 내곡동)
함지네먹거리,일반음식점,한식,강원특별자치도 강릉시 금성로14번길 7(1층 금학동)
항구곰치국,일반음식점,한식,강원특별자치도 강릉시 주문진읍 항구로 64
항구식당,일반음식점,한식,강원특별자치도 강릉시 사천면 진리항구길 55(1층)
항아리옹심이,일반음식점,분식,강원특별자치도 강릉시 주문진읍 주문로 109
항아리칼국수,일반음식점,분식,강원특별자치도 강릉시 경강로2291번길 33(포남동)
해담,일반음식점,한식,강원특별자치도 강릉시 하평6길 13(1층 포남동)
해돋이식당,일반음식점,한식,강원특별자치도 강릉시 강동면 헌화로 1015
해동막국수,일반음식점,분식,강원특별자치도 강릉시 가작로274번길 4(포남동)
해동식당,일반음식점,한식,강원특별자치도 강릉시 남구길18번길 39(포남동)
해두리치킨피자포남점,일반음식점,한식,강원특별자치도 강릉시 성덕포남로188번길 15(포남동)
해먹,일반음식점,한식,강원특별자치도 강릉시 가작로 21(1층 교동)
해물과찜,일반음식점,한식,강원특별자치도 강릉시 하평길 11(102호 포남동)
해물동네,일반음식점,한식,강원특별자치도 강릉시 주문진읍 항구로 57
해물천국,일반음식점,한식,강원특별자치도 강릉시 임영로 40(노암동)
해물파는삼촌,일반음식점,한식,강원특별자치도 강릉시 남부로125번길 26(내곡동)
해바라기분식,일반음식점,분식,강원특별자치도 강릉시 주문진읍 작은다리길 21-1(1층)
해영이네 밥상,일반음식점,한식,강원특별자치도 강릉시 주문진읍 시장길 38(주문진수산시장)
해우정맛집,일반음식점,한식,강원특별자치도 강릉시 선수촌로63번길 18-9(홍제동)
해장국마을,일반음식점,한식,강원특별자치도 강릉시 강동면 안인진길 26
해주오가전통육개장,일반음식점,한식,강원특별자치도 강릉시 교동광장로100번길 17-3(102호 교동)
해촌해물삼계탕,일반음식점,한식,강원특별자치도 강릉시 경강로2245번길 28(포남동)
핵밥강릉교동점,일반음식점,한식,강원특별자치도 강릉시 솔올로5번길 7(교동)
햇빛가든,일반음식점,한식,강원특별자치도 강릉시 난설헌로78번길 23(포남동)
행복한모루구내식당,일반음식점,한식,강원특별자치도 강릉시 율곡로 2923-12(교동)
행복한밥집,일반음식점,한식,강원특별자치도 강릉시 하슬라로232번길 18-4(교동)
행복한식탁,일반음식점,한식,강원특별자치도 강릉시 노암길42번길 24(노암한라아파트 상가동 노암동)
행운해장국,일반음식점,한식,강원특별자치도 강릉시 연곡면 영진3길 8-2
향골,일반음식점,한식,강원특별자치도 강릉시 명륜로 13(1층 교동)
향미식당,일반음식점,한식,강원특별자치도 강릉시 왕산면 백두대간로 1988
향이네꼬마김밥,일반음식점,분식,강원특별자치도 강릉시 임영로155번길 6(서부시장 지하층 26호 용강동)
현대옥강릉역점,일반음식점,한식,강원특별자치도 강릉시 강릉대로 337-5(101동 107호 포남동)
현대장칼국수2호점,일반음식점,분식,강원특별자치도 강릉시 남산초교길11번길 25(1층 내곡동)
현자네해물촌,일반음식점,한식,강원특별자치도 강릉시 주문진읍 연주로 244-69
현풍닭칼국수,일반음식점,한식,"강원특별자치도 강릉시 선수촌로 116(1층 102, 103호 유천동)"
형분식한식,일반음식점,한식,강원특별자치도 강릉시 관솔길 97-3(내곡동)
형제막국수,일반음식점,분식,강원특별자치도 강릉시 사임당로 113-3(홍제동)
형제만두,일반음식점,분식,강원특별자치도 강릉시 임영로140번길 3(임당동)
형제매운양푼갈비,일반음식점,한식,강원특별자치도 강릉시 경강로 2613(견소동)
형제칼국수,일반음식점,분식,강원특별자치도 강릉시 강릉대로204번길 2(교동)
혜성흑염소,일반음식점,한식,강원특별자치도 강릉시 사천면 중앙서로 23(1층)
혜자식당,일반음식점,한식,강원특별자치도 강릉시 성덕포남로153번길 7(포남동)
혜진식당1호점,일반음식점,한식,강원특별자치도 강릉시 주문진읍 해안로 1754(2단지4동)
호시탐탐,일반음식점,한식,강원특별자치도 강릉시 경강로 2291(포남동)
호야,일반음식점,한식,강원특별자치도 강릉시 입암로 147(1층 105호 입암동)
호주가,일반음식점,한식,강원특별자치도 강릉시 강변로 116(1층 내곡동)
홍가네,일반음식점,한식,강원특별자치도 강릉시 사천면 진리해변길 52(1층)
홍가네국밥,일반음식점,한식,강원특별자치도 강릉시 연곡면 영진길 21
홍가네닭칼국수,일반음식점,한식,강원특별자치도 강릉시 공항길 151(1층 남항진동)
홍게왕국,일반음식점,한식,강원특별자치도 강릉시 주문진읍 해안로 1787-1(1층)
홍돼지국밥본점,일반음식점,한식,강원특별자치도 강릉시 강릉대로 237(교동)
홍두깨손칼국수,일반음식점,분식,강원특별자치도 강릉시 강릉대로 392(포남동)
홍제기사식당,일반음식점,한식,강원특별자치도 강릉시 경강로 1955(홍제동)
홍제동언덕길그집,일반음식점,한식,강원특별자치도 강릉시 홍제로 55(홍제동)
홍제삼겹살,일반음식점,한식,강원특별자치도 강릉시 홍제로 46(1층 홍제동)
홍질목추어탕,일반음식점,한식,강원특별자치도 강릉시 연곡면 홍질목길 54
홍희통닭,일반음식점,한식,강원특별자치도 강릉시 경강로 2500(송정동)
화덕식당,일반음식점,한식,강원특별자치도 강릉시 성덕포남로153번길 28(포남동)
화부산막국수,일반음식점,분식,강원특별자치도 강릉시 명륜로 59(교동)
화성칼국수,일반음식점,분식,강원특별자치도 강릉시 가작로274번길 3(포남동)
황가네막국수냉면,일반음식점,한식,강원특별자치도 강릉시 경강로 2256(포남동)
황가네함흥냉면,일반음식점,분식,강원특별자치도 강릉시 하슬라로206번길 8-4(교동)
황가본점,일반음식점,한식,강원특별자치도 강릉시 주문진읍 동해대로 4957
황금도깨비찐빵왕만두,일반음식점,분식,강원특별자치도 강릉시 용지로 132(옥천동)
황란식당,일반음식점,한식,강원특별자치도 강릉시 용지로 23(1층 109호 입암동)
황칠국밥,일반음식점,한식,강원특별자치도 강릉시 주문진읍 해안로 1808(1층)
황토금강식당,일반음식점,한식,강원특별자치도 강릉시 연곡면 진고개로 2697-10
황해수육강릉점,일반음식점,한식,강원특별자치도 강릉시 위촌길 55(가동 1층 홍제동)
회랑마차,일반음식점,한식,강원특별자치도 강릉시 노암길42번길 15-3(1층 노암동)
회산동정현식당,일반음식점,한식,강원특별자치도 강릉시 회산로351번길 36(회산동)
회산막국수강릉점,일반음식점,한식,강원특별자치도 강릉시 회산로 420(3동 1층 홍제동)
회산보리밥뷔페,일반음식점,한식,강원특별자치도 강릉시 구정면 회산로 101(가동)
회산솔식당,일반음식점,분식,강원특별자치도 강릉시 회산로385번길 99(회산동)
회산장칼국수,일반음식점,분식,강원특별자치도 강릉시 토성로 65(홍제동)
회산집,일반음식점,한식,강원특별자치도 강릉시 회산로383번길 8(회산동)
후니식당,일반음식점,한식,강원특별자치도 강릉시 화부산로 5(교동)
후루사토,일반음식점,한식,강원특별자치도 강릉시 회산로 301(2층 회산동)
후타고라멘,일반음식점,분식,강원특별자치도 강릉시 하슬라로232번길 22-11(교동)
훔친물고기활어회센터,일반음식점,한식,강원특별자치도 강릉시 금성로 16(1층 금학동)
훼미리식당,일반음식점,한식,강원특별자치도 강릉시 금성로23번길 12(성남동)
휴심,일반음식점,한식,강원특별자치도 강릉시 저동골길 21(저동)
흑돈연가,일반음식점,한식,강원특별자치도 강릉시 경강로2533번길 2(견소동)
흑염소식당,일반음식점,한식,강원특별자치도 강릉시 옥계면 생골길 20-27
흥남집,일반음식점,한식,강원특별자치도 강릉시 주문진읍 항구윗길 3
흥부네생선구이,일반음식점,한식,강원특별자치도 강릉시 주문진읍 구시장길 2-2
흥부네쌈밥,일반음식점,한식,강원특별자치도 강릉시 토성로 69-2(홍제동)
樂출장요리,일반음식점,한식,강원특별자치도 강릉시 성덕포남로213번길 24-6(포남동)
